-- Task 4: city-level requirement contracts for Lalalai district spillover effects.

INSERT INTO RequirementSets (RequirementSetId, RequirementSetType) VALUES
('AKANE_CITY_HAS_CAMPUS_AND_LALALAI', 'REQUIREMENTSET_TEST_ALL'),
('AKANE_CITY_HAS_LIBRARY_AND_CAMPUS_AND_LALALAI', 'REQUIREMENTSET_TEST_ALL'),
('AKANE_CITY_HAS_UNIVERSITY_AND_CAMPUS_AND_LALALAI', 'REQUIREMENTSET_TEST_ALL'),
('AKANE_CITY_HAS_RESEARCH_LAB_AND_CAMPUS_AND_LALALAI', 'REQUIREMENTSET_TEST_ALL'),
('AKANE_CITY_HAS_COMMERCIAL_HUB_AND_LALALAI', 'REQUIREMENTSET_TEST_ALL'),
('AKANE_CITY_HAS_MARKET_AND_COMMERCIAL_HUB_AND_LALALAI', 'REQUIREMENTSET_TEST_ALL'),
('AKANE_CITY_HAS_BANK_AND_COMMERCIAL_HUB_AND_LALALAI', 'REQUIREMENTSET_TEST_ALL'),
('AKANE_CITY_HAS_STOCK_EXCHANGE_AND_COMMERCIAL_HUB_AND_LALALAI', 'REQUIREMENTSET_TEST_ALL'),
('AKANE_CITY_HAS_HARBOR_AND_LALALAI', 'REQUIREMENTSET_TEST_ALL'),
('AKANE_CITY_HAS_LIGHTHOUSE_AND_HARBOR_AND_LALALAI', 'REQUIREMENTSET_TEST_ALL'),
('AKANE_CITY_HAS_SHIPYARD_AND_HARBOR_AND_LALALAI', 'REQUIREMENTSET_TEST_ALL'),
('AKANE_CITY_HAS_SEAPORT_AND_HARBOR_AND_LALALAI', 'REQUIREMENTSET_TEST_ALL'),
('AKANE_CITY_HAS_ENCAMPMENT_AND_LALALAI', 'REQUIREMENTSET_TEST_ALL'),
('AKANE_CITY_HAS_BARRACKS_AND_ENCAMPMENT_AND_LALALAI', 'REQUIREMENTSET_TEST_ALL'),
('AKANE_CITY_HAS_STABLE_AND_ENCAMPMENT_AND_LALALAI', 'REQUIREMENTSET_TEST_ALL'),
('AKANE_CITY_HAS_ARMORY_AND_ENCAMPMENT_AND_LALALAI', 'REQUIREMENTSET_TEST_ALL'),
('AKANE_CITY_HAS_MILITARY_ACADEMY_AND_ENCAMPMENT_AND_LALALAI', 'REQUIREMENTSET_TEST_ALL'),
('AKANE_CITY_HAS_INDUSTRIAL_ZONE_AND_LALALAI', 'REQUIREMENTSET_TEST_ALL'),
('AKANE_CITY_HAS_HOLY_SITE_AND_LALALAI', 'REQUIREMENTSET_TEST_ALL'),
('AKANE_CITY_HAS_SHRINE_AND_HOLY_SITE_AND_LALALAI', 'REQUIREMENTSET_TEST_ALL'),
('AKANE_CITY_HAS_TEMPLE_AND_HOLY_SITE_AND_LALALAI', 'REQUIREMENTSET_TEST_ALL'),
('AKANE_CITY_HAS_AMPHITHEATER', 'REQUIREMENTSET_TEST_ALL'),
('AKANE_CITY_HAS_ART_MUSEUM', 'REQUIREMENTSET_TEST_ALL'),
('AKANE_CITY_HAS_ARCHAEOLOGICAL_MUSEUM', 'REQUIREMENTSET_TEST_ALL'),
('AKANE_CITY_HAS_BROADCAST_CENTER', 'REQUIREMENTSET_TEST_ALL'),
('AKANE_PLAYER_HAS_MATHEMATICS', 'REQUIREMENTSET_TEST_ALL'),
('AKANE_PLAYER_HAS_SCIENTIFIC_THEORY', 'REQUIREMENTSET_TEST_ALL'),
('AKANE_DISTRICT_IS_ENCAMPMENT_AND_ADJ_LALALAI', 'REQUIREMENTSET_TEST_ALL'),
('AKANE_DISTRICT_IS_CAMPUS_AND_ADJ_LALALAI', 'REQUIREMENTSET_TEST_ALL'),
('AKANE_DISTRICT_IS_COMMERCIAL_HUB_AND_ADJ_LALALAI', 'REQUIREMENTSET_TEST_ALL'),
('AKANE_DISTRICT_IS_HARBOR_AND_ADJ_LALALAI', 'REQUIREMENTSET_TEST_ALL'),
('AKANE_DISTRICT_IS_ENTERTAINMENT_COMPLEX_AND_ADJ_LALALAI', 'REQUIREMENTSET_TEST_ALL'),
('AKANE_DISTRICT_IS_WATER_PARK_AND_ADJ_LALALAI', 'REQUIREMENTSET_TEST_ALL'),
('AKANE_DISTRICT_IS_INDUSTRIAL_ZONE_AND_ADJ_LALALAI', 'REQUIREMENTSET_TEST_ALL'),
('AKANE_DISTRICT_IS_HOLY_SITE_AND_ADJ_LALALAI', 'REQUIREMENTSET_TEST_ALL'),
('AKANE_UNIT_IS_RELIGIOUS_OR_INQUISITOR', 'REQUIREMENTSET_TEST_ANY'),
('DISTRICT_IS_LALALAI', 'REQUIREMENTSET_TEST_ALL');

INSERT INTO Requirements (RequirementId, RequirementType) VALUES
('AKANE_REQUIRES_CITY_HAS_LALALAI', 'REQUIREMENT_CITY_HAS_DISTRICT'),
('AKANE_REQUIRES_CITY_HAS_CAMPUS', 'REQUIREMENT_CITY_HAS_DISTRICT'),
('AKANE_REQUIRES_CITY_HAS_BUILDING_LIBRARY', 'REQUIREMENT_CITY_HAS_BUILDING'),
('AKANE_REQUIRES_CITY_HAS_BUILDING_UNIVERSITY', 'REQUIREMENT_CITY_HAS_BUILDING'),
('AKANE_REQUIRES_CITY_HAS_BUILDING_RESEARCH_LAB', 'REQUIREMENT_CITY_HAS_BUILDING'),
('AKANE_REQUIRES_CITY_HAS_COMMERCIAL_HUB', 'REQUIREMENT_CITY_HAS_DISTRICT'),
('AKANE_REQUIRES_CITY_HAS_BUILDING_MARKET', 'REQUIREMENT_CITY_HAS_BUILDING'),
('AKANE_REQUIRES_CITY_HAS_BUILDING_BANK', 'REQUIREMENT_CITY_HAS_BUILDING'),
('AKANE_REQUIRES_CITY_HAS_BUILDING_STOCK_EXCHANGE', 'REQUIREMENT_CITY_HAS_BUILDING'),
('AKANE_REQUIRES_CITY_HAS_HARBOR', 'REQUIREMENT_CITY_HAS_DISTRICT'),
('AKANE_REQUIRES_CITY_HAS_BUILDING_LIGHTHOUSE', 'REQUIREMENT_CITY_HAS_BUILDING'),
('AKANE_REQUIRES_CITY_HAS_BUILDING_SHIPYARD', 'REQUIREMENT_CITY_HAS_BUILDING'),
('AKANE_REQUIRES_CITY_HAS_BUILDING_SEAPORT', 'REQUIREMENT_CITY_HAS_BUILDING'),
('AKANE_REQUIRES_CITY_HAS_ENCAMPMENT', 'REQUIREMENT_CITY_HAS_DISTRICT'),
('AKANE_REQUIRES_CITY_HAS_BUILDING_BARRACKS', 'REQUIREMENT_CITY_HAS_BUILDING'),
('AKANE_REQUIRES_CITY_HAS_BUILDING_STABLE', 'REQUIREMENT_CITY_HAS_BUILDING'),
('AKANE_REQUIRES_CITY_HAS_BUILDING_ARMORY', 'REQUIREMENT_CITY_HAS_BUILDING'),
('AKANE_REQUIRES_CITY_HAS_BUILDING_MILITARY_ACADEMY', 'REQUIREMENT_CITY_HAS_BUILDING'),
('AKANE_REQUIRES_CITY_HAS_INDUSTRIAL_ZONE', 'REQUIREMENT_CITY_HAS_DISTRICT'),
('AKANE_REQUIRES_CITY_HAS_HOLY_SITE', 'REQUIREMENT_CITY_HAS_DISTRICT'),
('AKANE_REQUIRES_CITY_HAS_BUILDING_SHRINE', 'REQUIREMENT_CITY_HAS_BUILDING'),
('AKANE_REQUIRES_CITY_HAS_BUILDING_TEMPLE', 'REQUIREMENT_CITY_HAS_BUILDING'),
('AKANE_REQUIRES_CITY_HAS_BUILDING_AMPHITHEATER', 'REQUIREMENT_CITY_HAS_BUILDING'),
('AKANE_REQUIRES_CITY_HAS_BUILDING_ART_MUSEUM', 'REQUIREMENT_CITY_HAS_BUILDING'),
('AKANE_REQUIRES_CITY_HAS_BUILDING_ARCHAEOLOGICAL_MUSEUM', 'REQUIREMENT_CITY_HAS_BUILDING'),
('AKANE_REQUIRES_CITY_HAS_BUILDING_BROADCAST_CENTER', 'REQUIREMENT_CITY_HAS_BUILDING'),
('AKANE_REQUIRES_PLAYER_HAS_TECH_MATHEMATICS', 'REQUIREMENT_PLAYER_HAS_TECHNOLOGY'),
('AKANE_REQUIRES_PLAYER_HAS_TECH_SCIENTIFIC_THEORY', 'REQUIREMENT_PLAYER_HAS_TECHNOLOGY'),
('AKANE_REQUIRES_DISTRICT_IS_ENCAMPMENT', 'REQUIREMENT_DISTRICT_TYPE_MATCHES'),
('AKANE_REQUIRES_DISTRICT_IS_CAMPUS', 'REQUIREMENT_DISTRICT_TYPE_MATCHES'),
('AKANE_REQUIRES_DISTRICT_IS_COMMERCIAL_HUB', 'REQUIREMENT_DISTRICT_TYPE_MATCHES'),
('AKANE_REQUIRES_DISTRICT_IS_HARBOR', 'REQUIREMENT_DISTRICT_TYPE_MATCHES'),
('AKANE_REQUIRES_DISTRICT_IS_ENTERTAINMENT_COMPLEX', 'REQUIREMENT_DISTRICT_TYPE_MATCHES'),
('AKANE_REQUIRES_DISTRICT_IS_WATER_PARK', 'REQUIREMENT_DISTRICT_TYPE_MATCHES'),
('AKANE_REQUIRES_DISTRICT_IS_INDUSTRIAL_ZONE', 'REQUIREMENT_DISTRICT_TYPE_MATCHES'),
('AKANE_REQUIRES_DISTRICT_IS_HOLY_SITE', 'REQUIREMENT_DISTRICT_TYPE_MATCHES'),
('AKANE_REQUIRES_PLOT_ADJACENT_LALALAI', 'REQUIREMENT_PLOT_ADJACENT_DISTRICT_TYPE_MATCHES'),
('AKANE_REQUIRES_UNIT_IS_RELIGIOUS', 'REQUIREMENT_UNIT_TAG_MATCHES'),
('AKANE_REQUIRES_UNIT_IS_INQUISITOR', 'REQUIREMENT_UNIT_TAG_MATCHES'),
('REQUIRES_DISTRICT_IS_LALALAI', 'REQUIREMENT_DISTRICT_TYPE_MATCHES');

INSERT INTO RequirementArguments (RequirementId, Name, Value) VALUES
('AKANE_REQUIRES_CITY_HAS_LALALAI', 'DistrictType', 'DISTRICT_LALALAI_TROUPE'),
('AKANE_REQUIRES_CITY_HAS_CAMPUS', 'DistrictType', 'DISTRICT_CAMPUS'),
('AKANE_REQUIRES_CITY_HAS_BUILDING_LIBRARY', 'BuildingType', 'BUILDING_LIBRARY'),
('AKANE_REQUIRES_CITY_HAS_BUILDING_UNIVERSITY', 'BuildingType', 'BUILDING_UNIVERSITY'),
('AKANE_REQUIRES_CITY_HAS_BUILDING_RESEARCH_LAB', 'BuildingType', 'BUILDING_RESEARCH_LAB'),
('AKANE_REQUIRES_CITY_HAS_COMMERCIAL_HUB', 'DistrictType', 'DISTRICT_COMMERCIAL_HUB'),
('AKANE_REQUIRES_CITY_HAS_BUILDING_MARKET', 'BuildingType', 'BUILDING_MARKET'),
('AKANE_REQUIRES_CITY_HAS_BUILDING_BANK', 'BuildingType', 'BUILDING_BANK'),
('AKANE_REQUIRES_CITY_HAS_BUILDING_STOCK_EXCHANGE', 'BuildingType', 'BUILDING_STOCK_EXCHANGE'),
('AKANE_REQUIRES_CITY_HAS_HARBOR', 'DistrictType', 'DISTRICT_HARBOR'),
('AKANE_REQUIRES_CITY_HAS_BUILDING_LIGHTHOUSE', 'BuildingType', 'BUILDING_LIGHTHOUSE'),
('AKANE_REQUIRES_CITY_HAS_BUILDING_SHIPYARD', 'BuildingType', 'BUILDING_SHIPYARD'),
('AKANE_REQUIRES_CITY_HAS_BUILDING_SEAPORT', 'BuildingType', 'BUILDING_SEAPORT'),
('AKANE_REQUIRES_CITY_HAS_ENCAMPMENT', 'DistrictType', 'DISTRICT_ENCAMPMENT'),
('AKANE_REQUIRES_CITY_HAS_BUILDING_BARRACKS', 'BuildingType', 'BUILDING_BARRACKS'),
('AKANE_REQUIRES_CITY_HAS_BUILDING_STABLE', 'BuildingType', 'BUILDING_STABLE'),
('AKANE_REQUIRES_CITY_HAS_BUILDING_ARMORY', 'BuildingType', 'BUILDING_ARMORY'),
('AKANE_REQUIRES_CITY_HAS_BUILDING_MILITARY_ACADEMY', 'BuildingType', 'BUILDING_MILITARY_ACADEMY'),
('AKANE_REQUIRES_CITY_HAS_INDUSTRIAL_ZONE', 'DistrictType', 'DISTRICT_INDUSTRIAL_ZONE'),
('AKANE_REQUIRES_CITY_HAS_HOLY_SITE', 'DistrictType', 'DISTRICT_HOLY_SITE'),
('AKANE_REQUIRES_CITY_HAS_BUILDING_SHRINE', 'BuildingType', 'BUILDING_SHRINE'),
('AKANE_REQUIRES_CITY_HAS_BUILDING_TEMPLE', 'BuildingType', 'BUILDING_TEMPLE'),
('AKANE_REQUIRES_CITY_HAS_BUILDING_AMPHITHEATER', 'BuildingType', 'BUILDING_AMPHITHEATER'),
('AKANE_REQUIRES_CITY_HAS_BUILDING_ART_MUSEUM', 'BuildingType', 'BUILDING_ART_MUSEUM'),
('AKANE_REQUIRES_CITY_HAS_BUILDING_ARCHAEOLOGICAL_MUSEUM', 'BuildingType', 'BUILDING_ARCHAEOLOGICAL_MUSEUM'),
('AKANE_REQUIRES_CITY_HAS_BUILDING_BROADCAST_CENTER', 'BuildingType', 'BUILDING_BROADCAST_CENTER'),
('AKANE_REQUIRES_PLAYER_HAS_TECH_MATHEMATICS', 'TechnologyType', 'TECH_MATHEMATICS'),
('AKANE_REQUIRES_PLAYER_HAS_TECH_SCIENTIFIC_THEORY', 'TechnologyType', 'TECH_SCIENTIFIC_THEORY'),
('AKANE_REQUIRES_DISTRICT_IS_ENCAMPMENT', 'DistrictType', 'DISTRICT_ENCAMPMENT'),
('AKANE_REQUIRES_DISTRICT_IS_CAMPUS', 'DistrictType', 'DISTRICT_CAMPUS'),
('AKANE_REQUIRES_DISTRICT_IS_COMMERCIAL_HUB', 'DistrictType', 'DISTRICT_COMMERCIAL_HUB'),
('AKANE_REQUIRES_DISTRICT_IS_HARBOR', 'DistrictType', 'DISTRICT_HARBOR'),
('AKANE_REQUIRES_DISTRICT_IS_ENTERTAINMENT_COMPLEX', 'DistrictType', 'DISTRICT_ENTERTAINMENT_COMPLEX'),
('AKANE_REQUIRES_DISTRICT_IS_WATER_PARK', 'DistrictType', 'DISTRICT_WATER_ENTERTAINMENT_COMPLEX'),
('AKANE_REQUIRES_DISTRICT_IS_INDUSTRIAL_ZONE', 'DistrictType', 'DISTRICT_INDUSTRIAL_ZONE'),
('AKANE_REQUIRES_DISTRICT_IS_HOLY_SITE', 'DistrictType', 'DISTRICT_HOLY_SITE'),
('AKANE_REQUIRES_PLOT_ADJACENT_LALALAI', 'DistrictType', 'DISTRICT_LALALAI_TROUPE'),
('AKANE_REQUIRES_UNIT_IS_RELIGIOUS', 'Tag', 'CLASS_RELIGIOUS'),
('AKANE_REQUIRES_UNIT_IS_INQUISITOR', 'Tag', 'CLASS_INQUISITOR'),
('REQUIRES_DISTRICT_IS_LALALAI', 'DistrictType', 'DISTRICT_LALALAI_TROUPE');

INSERT INTO RequirementSetRequirements (RequirementSetId, RequirementId) VALUES
('AKANE_CITY_HAS_CAMPUS_AND_LALALAI', 'AKANE_REQUIRES_CITY_HAS_CAMPUS'),
('AKANE_CITY_HAS_CAMPUS_AND_LALALAI', 'AKANE_REQUIRES_CITY_HAS_LALALAI'),
('AKANE_CITY_HAS_LIBRARY_AND_CAMPUS_AND_LALALAI', 'AKANE_REQUIRES_CITY_HAS_CAMPUS'),
('AKANE_CITY_HAS_LIBRARY_AND_CAMPUS_AND_LALALAI', 'AKANE_REQUIRES_CITY_HAS_LALALAI'),
('AKANE_CITY_HAS_LIBRARY_AND_CAMPUS_AND_LALALAI', 'AKANE_REQUIRES_CITY_HAS_BUILDING_LIBRARY'),
('AKANE_CITY_HAS_UNIVERSITY_AND_CAMPUS_AND_LALALAI', 'AKANE_REQUIRES_CITY_HAS_CAMPUS'),
('AKANE_CITY_HAS_UNIVERSITY_AND_CAMPUS_AND_LALALAI', 'AKANE_REQUIRES_CITY_HAS_LALALAI'),
('AKANE_CITY_HAS_UNIVERSITY_AND_CAMPUS_AND_LALALAI', 'AKANE_REQUIRES_CITY_HAS_BUILDING_UNIVERSITY'),
('AKANE_CITY_HAS_RESEARCH_LAB_AND_CAMPUS_AND_LALALAI', 'AKANE_REQUIRES_CITY_HAS_CAMPUS'),
('AKANE_CITY_HAS_RESEARCH_LAB_AND_CAMPUS_AND_LALALAI', 'AKANE_REQUIRES_CITY_HAS_LALALAI'),
('AKANE_CITY_HAS_RESEARCH_LAB_AND_CAMPUS_AND_LALALAI', 'AKANE_REQUIRES_CITY_HAS_BUILDING_RESEARCH_LAB'),
('AKANE_CITY_HAS_COMMERCIAL_HUB_AND_LALALAI', 'AKANE_REQUIRES_CITY_HAS_COMMERCIAL_HUB'),
('AKANE_CITY_HAS_COMMERCIAL_HUB_AND_LALALAI', 'AKANE_REQUIRES_CITY_HAS_LALALAI'),
('AKANE_CITY_HAS_MARKET_AND_COMMERCIAL_HUB_AND_LALALAI', 'AKANE_REQUIRES_CITY_HAS_COMMERCIAL_HUB'),
('AKANE_CITY_HAS_MARKET_AND_COMMERCIAL_HUB_AND_LALALAI', 'AKANE_REQUIRES_CITY_HAS_LALALAI'),
('AKANE_CITY_HAS_MARKET_AND_COMMERCIAL_HUB_AND_LALALAI', 'AKANE_REQUIRES_CITY_HAS_BUILDING_MARKET'),
('AKANE_CITY_HAS_BANK_AND_COMMERCIAL_HUB_AND_LALALAI', 'AKANE_REQUIRES_CITY_HAS_COMMERCIAL_HUB'),
('AKANE_CITY_HAS_BANK_AND_COMMERCIAL_HUB_AND_LALALAI', 'AKANE_REQUIRES_CITY_HAS_LALALAI'),
('AKANE_CITY_HAS_BANK_AND_COMMERCIAL_HUB_AND_LALALAI', 'AKANE_REQUIRES_CITY_HAS_BUILDING_BANK'),
('AKANE_CITY_HAS_STOCK_EXCHANGE_AND_COMMERCIAL_HUB_AND_LALALAI', 'AKANE_REQUIRES_CITY_HAS_COMMERCIAL_HUB'),
('AKANE_CITY_HAS_STOCK_EXCHANGE_AND_COMMERCIAL_HUB_AND_LALALAI', 'AKANE_REQUIRES_CITY_HAS_LALALAI'),
('AKANE_CITY_HAS_STOCK_EXCHANGE_AND_COMMERCIAL_HUB_AND_LALALAI', 'AKANE_REQUIRES_CITY_HAS_BUILDING_STOCK_EXCHANGE'),
('AKANE_CITY_HAS_HARBOR_AND_LALALAI', 'AKANE_REQUIRES_CITY_HAS_HARBOR'),
('AKANE_CITY_HAS_HARBOR_AND_LALALAI', 'AKANE_REQUIRES_CITY_HAS_LALALAI'),
('AKANE_CITY_HAS_LIGHTHOUSE_AND_HARBOR_AND_LALALAI', 'AKANE_REQUIRES_CITY_HAS_HARBOR'),
('AKANE_CITY_HAS_LIGHTHOUSE_AND_HARBOR_AND_LALALAI', 'AKANE_REQUIRES_CITY_HAS_LALALAI'),
('AKANE_CITY_HAS_LIGHTHOUSE_AND_HARBOR_AND_LALALAI', 'AKANE_REQUIRES_CITY_HAS_BUILDING_LIGHTHOUSE'),
('AKANE_CITY_HAS_SHIPYARD_AND_HARBOR_AND_LALALAI', 'AKANE_REQUIRES_CITY_HAS_HARBOR'),
('AKANE_CITY_HAS_SHIPYARD_AND_HARBOR_AND_LALALAI', 'AKANE_REQUIRES_CITY_HAS_LALALAI'),
('AKANE_CITY_HAS_SHIPYARD_AND_HARBOR_AND_LALALAI', 'AKANE_REQUIRES_CITY_HAS_BUILDING_SHIPYARD'),
('AKANE_CITY_HAS_SEAPORT_AND_HARBOR_AND_LALALAI', 'AKANE_REQUIRES_CITY_HAS_HARBOR'),
('AKANE_CITY_HAS_SEAPORT_AND_HARBOR_AND_LALALAI', 'AKANE_REQUIRES_CITY_HAS_LALALAI'),
('AKANE_CITY_HAS_SEAPORT_AND_HARBOR_AND_LALALAI', 'AKANE_REQUIRES_CITY_HAS_BUILDING_SEAPORT'),
('AKANE_CITY_HAS_ENCAMPMENT_AND_LALALAI', 'AKANE_REQUIRES_CITY_HAS_ENCAMPMENT'),
('AKANE_CITY_HAS_ENCAMPMENT_AND_LALALAI', 'AKANE_REQUIRES_CITY_HAS_LALALAI'),
('AKANE_CITY_HAS_BARRACKS_AND_ENCAMPMENT_AND_LALALAI', 'AKANE_REQUIRES_CITY_HAS_ENCAMPMENT'),
('AKANE_CITY_HAS_BARRACKS_AND_ENCAMPMENT_AND_LALALAI', 'AKANE_REQUIRES_CITY_HAS_LALALAI'),
('AKANE_CITY_HAS_BARRACKS_AND_ENCAMPMENT_AND_LALALAI', 'AKANE_REQUIRES_CITY_HAS_BUILDING_BARRACKS'),
('AKANE_CITY_HAS_STABLE_AND_ENCAMPMENT_AND_LALALAI', 'AKANE_REQUIRES_CITY_HAS_ENCAMPMENT'),
('AKANE_CITY_HAS_STABLE_AND_ENCAMPMENT_AND_LALALAI', 'AKANE_REQUIRES_CITY_HAS_LALALAI'),
('AKANE_CITY_HAS_STABLE_AND_ENCAMPMENT_AND_LALALAI', 'AKANE_REQUIRES_CITY_HAS_BUILDING_STABLE'),
('AKANE_CITY_HAS_ARMORY_AND_ENCAMPMENT_AND_LALALAI', 'AKANE_REQUIRES_CITY_HAS_ENCAMPMENT'),
('AKANE_CITY_HAS_ARMORY_AND_ENCAMPMENT_AND_LALALAI', 'AKANE_REQUIRES_CITY_HAS_LALALAI'),
('AKANE_CITY_HAS_ARMORY_AND_ENCAMPMENT_AND_LALALAI', 'AKANE_REQUIRES_CITY_HAS_BUILDING_ARMORY'),
('AKANE_CITY_HAS_MILITARY_ACADEMY_AND_ENCAMPMENT_AND_LALALAI', 'AKANE_REQUIRES_CITY_HAS_ENCAMPMENT'),
('AKANE_CITY_HAS_MILITARY_ACADEMY_AND_ENCAMPMENT_AND_LALALAI', 'AKANE_REQUIRES_CITY_HAS_LALALAI'),
('AKANE_CITY_HAS_MILITARY_ACADEMY_AND_ENCAMPMENT_AND_LALALAI', 'AKANE_REQUIRES_CITY_HAS_BUILDING_MILITARY_ACADEMY'),
('AKANE_CITY_HAS_INDUSTRIAL_ZONE_AND_LALALAI', 'AKANE_REQUIRES_CITY_HAS_INDUSTRIAL_ZONE'),
('AKANE_CITY_HAS_INDUSTRIAL_ZONE_AND_LALALAI', 'AKANE_REQUIRES_CITY_HAS_LALALAI'),
('AKANE_CITY_HAS_HOLY_SITE_AND_LALALAI', 'AKANE_REQUIRES_CITY_HAS_HOLY_SITE'),
('AKANE_CITY_HAS_HOLY_SITE_AND_LALALAI', 'AKANE_REQUIRES_CITY_HAS_LALALAI'),
('AKANE_CITY_HAS_SHRINE_AND_HOLY_SITE_AND_LALALAI', 'AKANE_REQUIRES_CITY_HAS_HOLY_SITE'),
('AKANE_CITY_HAS_SHRINE_AND_HOLY_SITE_AND_LALALAI', 'AKANE_REQUIRES_CITY_HAS_LALALAI'),
('AKANE_CITY_HAS_SHRINE_AND_HOLY_SITE_AND_LALALAI', 'AKANE_REQUIRES_CITY_HAS_BUILDING_SHRINE'),
('AKANE_CITY_HAS_TEMPLE_AND_HOLY_SITE_AND_LALALAI', 'AKANE_REQUIRES_CITY_HAS_HOLY_SITE'),
('AKANE_CITY_HAS_TEMPLE_AND_HOLY_SITE_AND_LALALAI', 'AKANE_REQUIRES_CITY_HAS_LALALAI'),
('AKANE_CITY_HAS_TEMPLE_AND_HOLY_SITE_AND_LALALAI', 'AKANE_REQUIRES_CITY_HAS_BUILDING_TEMPLE'),
('AKANE_CITY_HAS_AMPHITHEATER', 'AKANE_REQUIRES_CITY_HAS_BUILDING_AMPHITHEATER'),
('AKANE_CITY_HAS_ART_MUSEUM', 'AKANE_REQUIRES_CITY_HAS_BUILDING_ART_MUSEUM'),
('AKANE_CITY_HAS_ARCHAEOLOGICAL_MUSEUM', 'AKANE_REQUIRES_CITY_HAS_BUILDING_ARCHAEOLOGICAL_MUSEUM'),
('AKANE_CITY_HAS_BROADCAST_CENTER', 'AKANE_REQUIRES_CITY_HAS_BUILDING_BROADCAST_CENTER'),
('AKANE_PLAYER_HAS_MATHEMATICS', 'AKANE_REQUIRES_PLAYER_HAS_TECH_MATHEMATICS'),
('AKANE_PLAYER_HAS_SCIENTIFIC_THEORY', 'AKANE_REQUIRES_PLAYER_HAS_TECH_SCIENTIFIC_THEORY'),
('AKANE_DISTRICT_IS_ENCAMPMENT_AND_ADJ_LALALAI', 'AKANE_REQUIRES_DISTRICT_IS_ENCAMPMENT'),
('AKANE_DISTRICT_IS_ENCAMPMENT_AND_ADJ_LALALAI', 'AKANE_REQUIRES_PLOT_ADJACENT_LALALAI'),
('AKANE_DISTRICT_IS_CAMPUS_AND_ADJ_LALALAI', 'AKANE_REQUIRES_DISTRICT_IS_CAMPUS'),
('AKANE_DISTRICT_IS_CAMPUS_AND_ADJ_LALALAI', 'AKANE_REQUIRES_PLOT_ADJACENT_LALALAI'),
('AKANE_DISTRICT_IS_COMMERCIAL_HUB_AND_ADJ_LALALAI', 'AKANE_REQUIRES_DISTRICT_IS_COMMERCIAL_HUB'),
('AKANE_DISTRICT_IS_COMMERCIAL_HUB_AND_ADJ_LALALAI', 'AKANE_REQUIRES_PLOT_ADJACENT_LALALAI'),
('AKANE_DISTRICT_IS_HARBOR_AND_ADJ_LALALAI', 'AKANE_REQUIRES_DISTRICT_IS_HARBOR'),
('AKANE_DISTRICT_IS_HARBOR_AND_ADJ_LALALAI', 'AKANE_REQUIRES_PLOT_ADJACENT_LALALAI'),
('AKANE_DISTRICT_IS_ENTERTAINMENT_COMPLEX_AND_ADJ_LALALAI', 'AKANE_REQUIRES_DISTRICT_IS_ENTERTAINMENT_COMPLEX'),
('AKANE_DISTRICT_IS_ENTERTAINMENT_COMPLEX_AND_ADJ_LALALAI', 'AKANE_REQUIRES_PLOT_ADJACENT_LALALAI'),
('AKANE_DISTRICT_IS_WATER_PARK_AND_ADJ_LALALAI', 'AKANE_REQUIRES_DISTRICT_IS_WATER_PARK'),
('AKANE_DISTRICT_IS_WATER_PARK_AND_ADJ_LALALAI', 'AKANE_REQUIRES_PLOT_ADJACENT_LALALAI'),
('AKANE_DISTRICT_IS_INDUSTRIAL_ZONE_AND_ADJ_LALALAI', 'AKANE_REQUIRES_DISTRICT_IS_INDUSTRIAL_ZONE'),
('AKANE_DISTRICT_IS_INDUSTRIAL_ZONE_AND_ADJ_LALALAI', 'AKANE_REQUIRES_PLOT_ADJACENT_LALALAI'),
('AKANE_DISTRICT_IS_HOLY_SITE_AND_ADJ_LALALAI', 'AKANE_REQUIRES_DISTRICT_IS_HOLY_SITE'),
('AKANE_DISTRICT_IS_HOLY_SITE_AND_ADJ_LALALAI', 'AKANE_REQUIRES_PLOT_ADJACENT_LALALAI'),
('AKANE_UNIT_IS_RELIGIOUS_OR_INQUISITOR', 'AKANE_REQUIRES_UNIT_IS_RELIGIOUS'),
('AKANE_UNIT_IS_RELIGIOUS_OR_INQUISITOR', 'AKANE_REQUIRES_UNIT_IS_INQUISITOR'),
('DISTRICT_IS_LALALAI', 'REQUIRES_DISTRICT_IS_LALALAI');
