-- Task 4: city-level requirement contracts for Lalalai district spillover effects.
-- Captured cities can retain other civilizations' unique districts and buildings,
-- so the public AKANE_REQUIRES_* ids below resolve through replacement-aware
-- aggregate requirement sets instead of matching only the base game types.

INSERT INTO RequirementSets (RequirementSetId, RequirementSetType) VALUES
('AKANE_CITY_HAS_CAMPUS_AND_LALALAI', 'REQUIREMENTSET_TEST_ALL'),
('AKANE_CITY_HAS_LIBRARY_AND_CAMPUS_AND_LALALAI', 'REQUIREMENTSET_TEST_ALL'),
('AKANE_CITY_HAS_UNIVERSITY_AND_CAMPUS_AND_LALALAI', 'REQUIREMENTSET_TEST_ALL'),
('AKANE_CITY_HAS_RESEARCH_LAB_AND_CAMPUS_AND_LALALAI', 'REQUIREMENTSET_TEST_ALL'),
('AKANE_CITY_HAS_COMMERCIAL_HUB_AND_LALALAI', 'REQUIREMENTSET_TEST_ALL'),
('AKANE_CITY_HAS_MARKET_AND_COMMERCIAL_HUB_AND_LALALAI', 'REQUIREMENTSET_TEST_ALL'),
('AKANE_CITY_HAS_BANK_AND_COMMERCIAL_HUB_AND_LALALAI', 'REQUIREMENTSET_TEST_ALL'),
('AKANE_CITY_HAS_STOCK_EXCHANGE_AND_COMMERCIAL_HUB_AND_LALALAI', 'REQUIREMENTSET_TEST_ALL'),
('AKANE_CITY_HAS_HARBOR_AND_LALALAI', 'REQUIREMENTSET_TEST_ALL'),
('AKANE_CITY_HAS_LIGHTHOUSE_AND_HARBOR_AND_LALALAI', 'REQUIREMENTSET_TEST_ALL'),
('AKANE_CITY_HAS_SHIPYARD_AND_HARBOR_AND_LALALAI', 'REQUIREMENTSET_TEST_ALL'),
('AKANE_CITY_HAS_SEAPORT_AND_HARBOR_AND_LALALAI', 'REQUIREMENTSET_TEST_ALL'),
('AKANE_CITY_HAS_ENCAMPMENT_AND_LALALAI', 'REQUIREMENTSET_TEST_ALL'),
('AKANE_CITY_HAS_BARRACKS_AND_ENCAMPMENT_AND_LALALAI', 'REQUIREMENTSET_TEST_ALL'),
('AKANE_CITY_HAS_STABLE_AND_ENCAMPMENT_AND_LALALAI', 'REQUIREMENTSET_TEST_ALL'),
('AKANE_CITY_HAS_ARMORY_AND_ENCAMPMENT_AND_LALALAI', 'REQUIREMENTSET_TEST_ALL'),
('AKANE_CITY_HAS_MILITARY_ACADEMY_AND_ENCAMPMENT_AND_LALALAI', 'REQUIREMENTSET_TEST_ALL'),
('AKANE_CITY_HAS_INDUSTRIAL_ZONE_AND_LALALAI', 'REQUIREMENTSET_TEST_ALL'),
('AKANE_CITY_HAS_HOLY_SITE_AND_LALALAI', 'REQUIREMENTSET_TEST_ALL'),
('AKANE_CITY_HAS_SHRINE_AND_HOLY_SITE_AND_LALALAI', 'REQUIREMENTSET_TEST_ALL'),
('AKANE_CITY_HAS_TEMPLE_AND_HOLY_SITE_AND_LALALAI', 'REQUIREMENTSET_TEST_ALL'),
('AKANE_CITY_HAS_AMPHITHEATER', 'REQUIREMENTSET_TEST_ALL'),
('AKANE_CITY_HAS_ART_MUSEUM', 'REQUIREMENTSET_TEST_ALL'),
('AKANE_CITY_HAS_ARCHAEOLOGICAL_MUSEUM', 'REQUIREMENTSET_TEST_ALL'),
('AKANE_CITY_HAS_BROADCAST_CENTER', 'REQUIREMENTSET_TEST_ALL'),
('AKANE_PLAYER_HAS_MATHEMATICS', 'REQUIREMENTSET_TEST_ALL'),
('AKANE_PLAYER_HAS_SCIENTIFIC_THEORY', 'REQUIREMENTSET_TEST_ALL'),
('AKANE_DISTRICT_IS_ENCAMPMENT_AND_ADJ_LALALAI', 'REQUIREMENTSET_TEST_ALL'),
('AKANE_DISTRICT_IS_CAMPUS_AND_ADJ_LALALAI', 'REQUIREMENTSET_TEST_ALL'),
('AKANE_DISTRICT_IS_COMMERCIAL_HUB_AND_ADJ_LALALAI', 'REQUIREMENTSET_TEST_ALL'),
('AKANE_DISTRICT_IS_HARBOR_AND_ADJ_LALALAI', 'REQUIREMENTSET_TEST_ALL'),
('AKANE_DISTRICT_IS_ENTERTAINMENT_COMPLEX_AND_ADJ_LALALAI', 'REQUIREMENTSET_TEST_ALL'),
('AKANE_DISTRICT_IS_WATER_PARK_AND_ADJ_LALALAI', 'REQUIREMENTSET_TEST_ALL'),
('AKANE_DISTRICT_IS_INDUSTRIAL_ZONE_AND_ADJ_LALALAI', 'REQUIREMENTSET_TEST_ALL'),
('AKANE_DISTRICT_IS_HOLY_SITE_AND_ADJ_LALALAI', 'REQUIREMENTSET_TEST_ALL'),
('AKANE_UNIT_IS_RELIGIOUS_OR_INQUISITOR', 'REQUIREMENTSET_TEST_ANY'),
('DISTRICT_IS_LALALAI', 'REQUIREMENTSET_TEST_ALL'),
('AKANE_CITY_HAS_ANY_CAMPUS', 'REQUIREMENTSET_TEST_ANY'),
('AKANE_CITY_HAS_ANY_COMMERCIAL_HUB', 'REQUIREMENTSET_TEST_ANY'),
('AKANE_CITY_HAS_ANY_HARBOR', 'REQUIREMENTSET_TEST_ANY'),
('AKANE_CITY_HAS_ANY_ENCAMPMENT', 'REQUIREMENTSET_TEST_ANY'),
('AKANE_CITY_HAS_ANY_INDUSTRIAL_ZONE', 'REQUIREMENTSET_TEST_ANY'),
('AKANE_CITY_HAS_ANY_HOLY_SITE', 'REQUIREMENTSET_TEST_ANY'),
('AKANE_CITY_HAS_ANY_BUILDING_LIBRARY', 'REQUIREMENTSET_TEST_ANY'),
('AKANE_CITY_HAS_ANY_BUILDING_UNIVERSITY', 'REQUIREMENTSET_TEST_ANY'),
('AKANE_CITY_HAS_ANY_BUILDING_RESEARCH_LAB', 'REQUIREMENTSET_TEST_ANY'),
('AKANE_CITY_HAS_ANY_BUILDING_MARKET', 'REQUIREMENTSET_TEST_ANY'),
('AKANE_CITY_HAS_ANY_BUILDING_BANK', 'REQUIREMENTSET_TEST_ANY'),
('AKANE_CITY_HAS_ANY_BUILDING_STOCK_EXCHANGE', 'REQUIREMENTSET_TEST_ANY'),
('AKANE_CITY_HAS_ANY_BUILDING_LIGHTHOUSE', 'REQUIREMENTSET_TEST_ANY'),
('AKANE_CITY_HAS_ANY_BUILDING_SHIPYARD', 'REQUIREMENTSET_TEST_ANY'),
('AKANE_CITY_HAS_ANY_BUILDING_SEAPORT', 'REQUIREMENTSET_TEST_ANY'),
('AKANE_CITY_HAS_ANY_BUILDING_BARRACKS', 'REQUIREMENTSET_TEST_ANY'),
('AKANE_CITY_HAS_ANY_BUILDING_STABLE', 'REQUIREMENTSET_TEST_ANY'),
('AKANE_CITY_HAS_ANY_BUILDING_ARMORY', 'REQUIREMENTSET_TEST_ANY'),
('AKANE_CITY_HAS_ANY_BUILDING_MILITARY_ACADEMY', 'REQUIREMENTSET_TEST_ANY'),
('AKANE_CITY_HAS_ANY_BUILDING_SHRINE', 'REQUIREMENTSET_TEST_ANY'),
('AKANE_CITY_HAS_ANY_BUILDING_TEMPLE', 'REQUIREMENTSET_TEST_ANY'),
('AKANE_CITY_HAS_ANY_BUILDING_AMPHITHEATER', 'REQUIREMENTSET_TEST_ANY'),
('AKANE_CITY_HAS_ANY_BUILDING_ART_MUSEUM', 'REQUIREMENTSET_TEST_ANY'),
('AKANE_CITY_HAS_ANY_BUILDING_ARCHAEOLOGICAL_MUSEUM', 'REQUIREMENTSET_TEST_ANY'),
('AKANE_CITY_HAS_ANY_BUILDING_BROADCAST_CENTER', 'REQUIREMENTSET_TEST_ANY'),
('AKANE_DISTRICT_IS_ANY_CAMPUS', 'REQUIREMENTSET_TEST_ANY'),
('AKANE_DISTRICT_IS_ANY_COMMERCIAL_HUB', 'REQUIREMENTSET_TEST_ANY'),
('AKANE_DISTRICT_IS_ANY_HARBOR', 'REQUIREMENTSET_TEST_ANY'),
('AKANE_DISTRICT_IS_ANY_ENTERTAINMENT_COMPLEX', 'REQUIREMENTSET_TEST_ANY'),
('AKANE_DISTRICT_IS_ANY_WATER_PARK', 'REQUIREMENTSET_TEST_ANY'),
('AKANE_DISTRICT_IS_ANY_ENCAMPMENT', 'REQUIREMENTSET_TEST_ANY'),
('AKANE_DISTRICT_IS_ANY_INDUSTRIAL_ZONE', 'REQUIREMENTSET_TEST_ANY'),
('AKANE_DISTRICT_IS_ANY_HOLY_SITE', 'REQUIREMENTSET_TEST_ANY');

INSERT INTO Requirements (RequirementId, RequirementType) VALUES
('AKANE_REQUIRES_CITY_HAS_LALALAI', 'REQUIREMENT_CITY_HAS_DISTRICT'),
('AKANE_REQUIRES_CITY_HAS_CAMPUS', 'REQUIREMENT_REQUIREMENTSET_IS_MET'),
('AKANE_REQUIRES_CITY_HAS_BUILDING_LIBRARY', 'REQUIREMENT_REQUIREMENTSET_IS_MET'),
('AKANE_REQUIRES_CITY_HAS_BUILDING_UNIVERSITY', 'REQUIREMENT_REQUIREMENTSET_IS_MET'),
('AKANE_REQUIRES_CITY_HAS_BUILDING_RESEARCH_LAB', 'REQUIREMENT_REQUIREMENTSET_IS_MET'),
('AKANE_REQUIRES_CITY_HAS_COMMERCIAL_HUB', 'REQUIREMENT_REQUIREMENTSET_IS_MET'),
('AKANE_REQUIRES_CITY_HAS_BUILDING_MARKET', 'REQUIREMENT_REQUIREMENTSET_IS_MET'),
('AKANE_REQUIRES_CITY_HAS_BUILDING_BANK', 'REQUIREMENT_REQUIREMENTSET_IS_MET'),
('AKANE_REQUIRES_CITY_HAS_BUILDING_STOCK_EXCHANGE', 'REQUIREMENT_REQUIREMENTSET_IS_MET'),
('AKANE_REQUIRES_CITY_HAS_HARBOR', 'REQUIREMENT_REQUIREMENTSET_IS_MET'),
('AKANE_REQUIRES_CITY_HAS_BUILDING_LIGHTHOUSE', 'REQUIREMENT_REQUIREMENTSET_IS_MET'),
('AKANE_REQUIRES_CITY_HAS_BUILDING_SHIPYARD', 'REQUIREMENT_REQUIREMENTSET_IS_MET'),
('AKANE_REQUIRES_CITY_HAS_BUILDING_SEAPORT', 'REQUIREMENT_REQUIREMENTSET_IS_MET'),
('AKANE_REQUIRES_CITY_HAS_ENCAMPMENT', 'REQUIREMENT_REQUIREMENTSET_IS_MET'),
('AKANE_REQUIRES_CITY_HAS_BUILDING_BARRACKS', 'REQUIREMENT_REQUIREMENTSET_IS_MET'),
('AKANE_REQUIRES_CITY_HAS_BUILDING_STABLE', 'REQUIREMENT_REQUIREMENTSET_IS_MET'),
('AKANE_REQUIRES_CITY_HAS_BUILDING_ARMORY', 'REQUIREMENT_REQUIREMENTSET_IS_MET'),
('AKANE_REQUIRES_CITY_HAS_BUILDING_MILITARY_ACADEMY', 'REQUIREMENT_REQUIREMENTSET_IS_MET'),
('AKANE_REQUIRES_CITY_HAS_INDUSTRIAL_ZONE', 'REQUIREMENT_REQUIREMENTSET_IS_MET'),
('AKANE_REQUIRES_CITY_HAS_HOLY_SITE', 'REQUIREMENT_REQUIREMENTSET_IS_MET'),
('AKANE_REQUIRES_CITY_HAS_BUILDING_SHRINE', 'REQUIREMENT_REQUIREMENTSET_IS_MET'),
('AKANE_REQUIRES_CITY_HAS_BUILDING_TEMPLE', 'REQUIREMENT_REQUIREMENTSET_IS_MET'),
('AKANE_REQUIRES_CITY_HAS_BUILDING_AMPHITHEATER', 'REQUIREMENT_REQUIREMENTSET_IS_MET'),
('AKANE_REQUIRES_CITY_HAS_BUILDING_ART_MUSEUM', 'REQUIREMENT_REQUIREMENTSET_IS_MET'),
('AKANE_REQUIRES_CITY_HAS_BUILDING_ARCHAEOLOGICAL_MUSEUM', 'REQUIREMENT_REQUIREMENTSET_IS_MET'),
('AKANE_REQUIRES_CITY_HAS_BUILDING_BROADCAST_CENTER', 'REQUIREMENT_REQUIREMENTSET_IS_MET'),
('AKANE_REQUIRES_PLAYER_HAS_TECH_MATHEMATICS', 'REQUIREMENT_PLAYER_HAS_TECHNOLOGY'),
('AKANE_REQUIRES_PLAYER_HAS_TECH_SCIENTIFIC_THEORY', 'REQUIREMENT_PLAYER_HAS_TECHNOLOGY'),
('AKANE_REQUIRES_DISTRICT_IS_ENCAMPMENT', 'REQUIREMENT_REQUIREMENTSET_IS_MET'),
('AKANE_REQUIRES_DISTRICT_IS_CAMPUS', 'REQUIREMENT_REQUIREMENTSET_IS_MET'),
('AKANE_REQUIRES_DISTRICT_IS_COMMERCIAL_HUB', 'REQUIREMENT_REQUIREMENTSET_IS_MET'),
('AKANE_REQUIRES_DISTRICT_IS_HARBOR', 'REQUIREMENT_REQUIREMENTSET_IS_MET'),
('AKANE_REQUIRES_DISTRICT_IS_ENTERTAINMENT_COMPLEX', 'REQUIREMENT_REQUIREMENTSET_IS_MET'),
('AKANE_REQUIRES_DISTRICT_IS_WATER_PARK', 'REQUIREMENT_REQUIREMENTSET_IS_MET'),
('AKANE_REQUIRES_DISTRICT_IS_INDUSTRIAL_ZONE', 'REQUIREMENT_REQUIREMENTSET_IS_MET'),
('AKANE_REQUIRES_DISTRICT_IS_HOLY_SITE', 'REQUIREMENT_REQUIREMENTSET_IS_MET'),
('AKANE_REQUIRES_PLOT_ADJACENT_LALALAI', 'REQUIREMENT_PLOT_ADJACENT_DISTRICT_TYPE_MATCHES'),
('AKANE_REQUIRES_UNIT_IS_RELIGIOUS', 'REQUIREMENT_UNIT_TAG_MATCHES'),
('AKANE_REQUIRES_UNIT_IS_INQUISITOR', 'REQUIREMENT_UNIT_TAG_MATCHES'),
('REQUIRES_DISTRICT_IS_LALALAI', 'REQUIREMENT_DISTRICT_TYPE_MATCHES'),
('AKANE_REQUIRES_CITY_HAS_CAMPUS_BASE', 'REQUIREMENT_CITY_HAS_DISTRICT'),
('AKANE_REQUIRES_CITY_HAS_COMMERCIAL_HUB_BASE', 'REQUIREMENT_CITY_HAS_DISTRICT'),
('AKANE_REQUIRES_CITY_HAS_HARBOR_BASE', 'REQUIREMENT_CITY_HAS_DISTRICT'),
('AKANE_REQUIRES_CITY_HAS_ENCAMPMENT_BASE', 'REQUIREMENT_CITY_HAS_DISTRICT'),
('AKANE_REQUIRES_CITY_HAS_INDUSTRIAL_ZONE_BASE', 'REQUIREMENT_CITY_HAS_DISTRICT'),
('AKANE_REQUIRES_CITY_HAS_HOLY_SITE_BASE', 'REQUIREMENT_CITY_HAS_DISTRICT'),
('AKANE_REQUIRES_CITY_HAS_BUILDING_LIBRARY_BASE', 'REQUIREMENT_CITY_HAS_BUILDING'),
('AKANE_REQUIRES_CITY_HAS_BUILDING_UNIVERSITY_BASE', 'REQUIREMENT_CITY_HAS_BUILDING'),
('AKANE_REQUIRES_CITY_HAS_BUILDING_RESEARCH_LAB_BASE', 'REQUIREMENT_CITY_HAS_BUILDING'),
('AKANE_REQUIRES_CITY_HAS_BUILDING_MARKET_BASE', 'REQUIREMENT_CITY_HAS_BUILDING'),
('AKANE_REQUIRES_CITY_HAS_BUILDING_BANK_BASE', 'REQUIREMENT_CITY_HAS_BUILDING'),
('AKANE_REQUIRES_CITY_HAS_BUILDING_STOCK_EXCHANGE_BASE', 'REQUIREMENT_CITY_HAS_BUILDING'),
('AKANE_REQUIRES_CITY_HAS_BUILDING_LIGHTHOUSE_BASE', 'REQUIREMENT_CITY_HAS_BUILDING'),
('AKANE_REQUIRES_CITY_HAS_BUILDING_SHIPYARD_BASE', 'REQUIREMENT_CITY_HAS_BUILDING'),
('AKANE_REQUIRES_CITY_HAS_BUILDING_SEAPORT_BASE', 'REQUIREMENT_CITY_HAS_BUILDING'),
('AKANE_REQUIRES_CITY_HAS_BUILDING_BARRACKS_BASE', 'REQUIREMENT_CITY_HAS_BUILDING'),
('AKANE_REQUIRES_CITY_HAS_BUILDING_STABLE_BASE', 'REQUIREMENT_CITY_HAS_BUILDING'),
('AKANE_REQUIRES_CITY_HAS_BUILDING_ARMORY_BASE', 'REQUIREMENT_CITY_HAS_BUILDING'),
('AKANE_REQUIRES_CITY_HAS_BUILDING_MILITARY_ACADEMY_BASE', 'REQUIREMENT_CITY_HAS_BUILDING'),
('AKANE_REQUIRES_CITY_HAS_BUILDING_SHRINE_BASE', 'REQUIREMENT_CITY_HAS_BUILDING'),
('AKANE_REQUIRES_CITY_HAS_BUILDING_TEMPLE_BASE', 'REQUIREMENT_CITY_HAS_BUILDING'),
('AKANE_REQUIRES_CITY_HAS_BUILDING_AMPHITHEATER_BASE', 'REQUIREMENT_CITY_HAS_BUILDING'),
('AKANE_REQUIRES_CITY_HAS_BUILDING_ART_MUSEUM_BASE', 'REQUIREMENT_CITY_HAS_BUILDING'),
('AKANE_REQUIRES_CITY_HAS_BUILDING_ARCHAEOLOGICAL_MUSEUM_BASE', 'REQUIREMENT_CITY_HAS_BUILDING'),
('AKANE_REQUIRES_CITY_HAS_BUILDING_BROADCAST_CENTER_BASE', 'REQUIREMENT_CITY_HAS_BUILDING'),
('AKANE_REQUIRES_DISTRICT_IS_ENCAMPMENT_BASE', 'REQUIREMENT_DISTRICT_TYPE_MATCHES'),
('AKANE_REQUIRES_DISTRICT_IS_CAMPUS_BASE', 'REQUIREMENT_DISTRICT_TYPE_MATCHES'),
('AKANE_REQUIRES_DISTRICT_IS_COMMERCIAL_HUB_BASE', 'REQUIREMENT_DISTRICT_TYPE_MATCHES'),
('AKANE_REQUIRES_DISTRICT_IS_HARBOR_BASE', 'REQUIREMENT_DISTRICT_TYPE_MATCHES'),
('AKANE_REQUIRES_DISTRICT_IS_ENTERTAINMENT_COMPLEX_BASE', 'REQUIREMENT_DISTRICT_TYPE_MATCHES'),
('AKANE_REQUIRES_DISTRICT_IS_WATER_PARK_BASE', 'REQUIREMENT_DISTRICT_TYPE_MATCHES'),
('AKANE_REQUIRES_DISTRICT_IS_INDUSTRIAL_ZONE_BASE', 'REQUIREMENT_DISTRICT_TYPE_MATCHES'),
('AKANE_REQUIRES_DISTRICT_IS_HOLY_SITE_BASE', 'REQUIREMENT_DISTRICT_TYPE_MATCHES');

INSERT INTO RequirementArguments (RequirementId, Name, Value) VALUES
('AKANE_REQUIRES_CITY_HAS_LALALAI', 'DistrictType', 'DISTRICT_LALALAI_TROUPE'),
('AKANE_REQUIRES_CITY_HAS_CAMPUS', 'RequirementSetId', 'AKANE_CITY_HAS_ANY_CAMPUS'),
('AKANE_REQUIRES_CITY_HAS_BUILDING_LIBRARY', 'RequirementSetId', 'AKANE_CITY_HAS_ANY_BUILDING_LIBRARY'),
('AKANE_REQUIRES_CITY_HAS_BUILDING_UNIVERSITY', 'RequirementSetId', 'AKANE_CITY_HAS_ANY_BUILDING_UNIVERSITY'),
('AKANE_REQUIRES_CITY_HAS_BUILDING_RESEARCH_LAB', 'RequirementSetId', 'AKANE_CITY_HAS_ANY_BUILDING_RESEARCH_LAB'),
('AKANE_REQUIRES_CITY_HAS_COMMERCIAL_HUB', 'RequirementSetId', 'AKANE_CITY_HAS_ANY_COMMERCIAL_HUB'),
('AKANE_REQUIRES_CITY_HAS_BUILDING_MARKET', 'RequirementSetId', 'AKANE_CITY_HAS_ANY_BUILDING_MARKET'),
('AKANE_REQUIRES_CITY_HAS_BUILDING_BANK', 'RequirementSetId', 'AKANE_CITY_HAS_ANY_BUILDING_BANK'),
('AKANE_REQUIRES_CITY_HAS_BUILDING_STOCK_EXCHANGE', 'RequirementSetId', 'AKANE_CITY_HAS_ANY_BUILDING_STOCK_EXCHANGE'),
('AKANE_REQUIRES_CITY_HAS_HARBOR', 'RequirementSetId', 'AKANE_CITY_HAS_ANY_HARBOR'),
('AKANE_REQUIRES_CITY_HAS_BUILDING_LIGHTHOUSE', 'RequirementSetId', 'AKANE_CITY_HAS_ANY_BUILDING_LIGHTHOUSE'),
('AKANE_REQUIRES_CITY_HAS_BUILDING_SHIPYARD', 'RequirementSetId', 'AKANE_CITY_HAS_ANY_BUILDING_SHIPYARD'),
('AKANE_REQUIRES_CITY_HAS_BUILDING_SEAPORT', 'RequirementSetId', 'AKANE_CITY_HAS_ANY_BUILDING_SEAPORT'),
('AKANE_REQUIRES_CITY_HAS_ENCAMPMENT', 'RequirementSetId', 'AKANE_CITY_HAS_ANY_ENCAMPMENT'),
('AKANE_REQUIRES_CITY_HAS_BUILDING_BARRACKS', 'RequirementSetId', 'AKANE_CITY_HAS_ANY_BUILDING_BARRACKS'),
('AKANE_REQUIRES_CITY_HAS_BUILDING_STABLE', 'RequirementSetId', 'AKANE_CITY_HAS_ANY_BUILDING_STABLE'),
('AKANE_REQUIRES_CITY_HAS_BUILDING_ARMORY', 'RequirementSetId', 'AKANE_CITY_HAS_ANY_BUILDING_ARMORY'),
('AKANE_REQUIRES_CITY_HAS_BUILDING_MILITARY_ACADEMY', 'RequirementSetId', 'AKANE_CITY_HAS_ANY_BUILDING_MILITARY_ACADEMY'),
('AKANE_REQUIRES_CITY_HAS_INDUSTRIAL_ZONE', 'RequirementSetId', 'AKANE_CITY_HAS_ANY_INDUSTRIAL_ZONE'),
('AKANE_REQUIRES_CITY_HAS_HOLY_SITE', 'RequirementSetId', 'AKANE_CITY_HAS_ANY_HOLY_SITE'),
('AKANE_REQUIRES_CITY_HAS_BUILDING_SHRINE', 'RequirementSetId', 'AKANE_CITY_HAS_ANY_BUILDING_SHRINE'),
('AKANE_REQUIRES_CITY_HAS_BUILDING_TEMPLE', 'RequirementSetId', 'AKANE_CITY_HAS_ANY_BUILDING_TEMPLE'),
('AKANE_REQUIRES_CITY_HAS_BUILDING_AMPHITHEATER', 'RequirementSetId', 'AKANE_CITY_HAS_ANY_BUILDING_AMPHITHEATER'),
('AKANE_REQUIRES_CITY_HAS_BUILDING_ART_MUSEUM', 'RequirementSetId', 'AKANE_CITY_HAS_ANY_BUILDING_ART_MUSEUM'),
('AKANE_REQUIRES_CITY_HAS_BUILDING_ARCHAEOLOGICAL_MUSEUM', 'RequirementSetId', 'AKANE_CITY_HAS_ANY_BUILDING_ARCHAEOLOGICAL_MUSEUM'),
('AKANE_REQUIRES_CITY_HAS_BUILDING_BROADCAST_CENTER', 'RequirementSetId', 'AKANE_CITY_HAS_ANY_BUILDING_BROADCAST_CENTER'),
('AKANE_REQUIRES_PLAYER_HAS_TECH_MATHEMATICS', 'TechnologyType', 'TECH_MATHEMATICS'),
('AKANE_REQUIRES_PLAYER_HAS_TECH_SCIENTIFIC_THEORY', 'TechnologyType', 'TECH_SCIENTIFIC_THEORY'),
('AKANE_REQUIRES_DISTRICT_IS_ENCAMPMENT', 'RequirementSetId', 'AKANE_DISTRICT_IS_ANY_ENCAMPMENT'),
('AKANE_REQUIRES_DISTRICT_IS_CAMPUS', 'RequirementSetId', 'AKANE_DISTRICT_IS_ANY_CAMPUS'),
('AKANE_REQUIRES_DISTRICT_IS_COMMERCIAL_HUB', 'RequirementSetId', 'AKANE_DISTRICT_IS_ANY_COMMERCIAL_HUB'),
('AKANE_REQUIRES_DISTRICT_IS_HARBOR', 'RequirementSetId', 'AKANE_DISTRICT_IS_ANY_HARBOR'),
('AKANE_REQUIRES_DISTRICT_IS_ENTERTAINMENT_COMPLEX', 'RequirementSetId', 'AKANE_DISTRICT_IS_ANY_ENTERTAINMENT_COMPLEX'),
('AKANE_REQUIRES_DISTRICT_IS_WATER_PARK', 'RequirementSetId', 'AKANE_DISTRICT_IS_ANY_WATER_PARK'),
('AKANE_REQUIRES_DISTRICT_IS_INDUSTRIAL_ZONE', 'RequirementSetId', 'AKANE_DISTRICT_IS_ANY_INDUSTRIAL_ZONE'),
('AKANE_REQUIRES_DISTRICT_IS_HOLY_SITE', 'RequirementSetId', 'AKANE_DISTRICT_IS_ANY_HOLY_SITE'),
('AKANE_REQUIRES_PLOT_ADJACENT_LALALAI', 'DistrictType', 'DISTRICT_LALALAI_TROUPE'),
('AKANE_REQUIRES_UNIT_IS_RELIGIOUS', 'Tag', 'CLASS_RELIGIOUS'),
('AKANE_REQUIRES_UNIT_IS_INQUISITOR', 'Tag', 'CLASS_INQUISITOR'),
('REQUIRES_DISTRICT_IS_LALALAI', 'DistrictType', 'DISTRICT_LALALAI_TROUPE'),
('AKANE_REQUIRES_CITY_HAS_CAMPUS_BASE', 'DistrictType', 'DISTRICT_CAMPUS'),
('AKANE_REQUIRES_CITY_HAS_COMMERCIAL_HUB_BASE', 'DistrictType', 'DISTRICT_COMMERCIAL_HUB'),
('AKANE_REQUIRES_CITY_HAS_HARBOR_BASE', 'DistrictType', 'DISTRICT_HARBOR'),
('AKANE_REQUIRES_CITY_HAS_ENCAMPMENT_BASE', 'DistrictType', 'DISTRICT_ENCAMPMENT'),
('AKANE_REQUIRES_CITY_HAS_INDUSTRIAL_ZONE_BASE', 'DistrictType', 'DISTRICT_INDUSTRIAL_ZONE'),
('AKANE_REQUIRES_CITY_HAS_HOLY_SITE_BASE', 'DistrictType', 'DISTRICT_HOLY_SITE'),
('AKANE_REQUIRES_CITY_HAS_BUILDING_LIBRARY_BASE', 'BuildingType', 'BUILDING_LIBRARY'),
('AKANE_REQUIRES_CITY_HAS_BUILDING_UNIVERSITY_BASE', 'BuildingType', 'BUILDING_UNIVERSITY'),
('AKANE_REQUIRES_CITY_HAS_BUILDING_RESEARCH_LAB_BASE', 'BuildingType', 'BUILDING_RESEARCH_LAB'),
('AKANE_REQUIRES_CITY_HAS_BUILDING_MARKET_BASE', 'BuildingType', 'BUILDING_MARKET'),
('AKANE_REQUIRES_CITY_HAS_BUILDING_BANK_BASE', 'BuildingType', 'BUILDING_BANK'),
('AKANE_REQUIRES_CITY_HAS_BUILDING_STOCK_EXCHANGE_BASE', 'BuildingType', 'BUILDING_STOCK_EXCHANGE'),
('AKANE_REQUIRES_CITY_HAS_BUILDING_LIGHTHOUSE_BASE', 'BuildingType', 'BUILDING_LIGHTHOUSE'),
('AKANE_REQUIRES_CITY_HAS_BUILDING_SHIPYARD_BASE', 'BuildingType', 'BUILDING_SHIPYARD'),
('AKANE_REQUIRES_CITY_HAS_BUILDING_SEAPORT_BASE', 'BuildingType', 'BUILDING_SEAPORT'),
('AKANE_REQUIRES_CITY_HAS_BUILDING_BARRACKS_BASE', 'BuildingType', 'BUILDING_BARRACKS'),
('AKANE_REQUIRES_CITY_HAS_BUILDING_STABLE_BASE', 'BuildingType', 'BUILDING_STABLE'),
('AKANE_REQUIRES_CITY_HAS_BUILDING_ARMORY_BASE', 'BuildingType', 'BUILDING_ARMORY'),
('AKANE_REQUIRES_CITY_HAS_BUILDING_MILITARY_ACADEMY_BASE', 'BuildingType', 'BUILDING_MILITARY_ACADEMY'),
('AKANE_REQUIRES_CITY_HAS_BUILDING_SHRINE_BASE', 'BuildingType', 'BUILDING_SHRINE'),
('AKANE_REQUIRES_CITY_HAS_BUILDING_TEMPLE_BASE', 'BuildingType', 'BUILDING_TEMPLE'),
('AKANE_REQUIRES_CITY_HAS_BUILDING_AMPHITHEATER_BASE', 'BuildingType', 'BUILDING_AMPHITHEATER'),
('AKANE_REQUIRES_CITY_HAS_BUILDING_ART_MUSEUM_BASE', 'BuildingType', 'BUILDING_MUSEUM_ART'),
('AKANE_REQUIRES_CITY_HAS_BUILDING_ARCHAEOLOGICAL_MUSEUM_BASE', 'BuildingType', 'BUILDING_MUSEUM_ARTIFACT'),
('AKANE_REQUIRES_CITY_HAS_BUILDING_BROADCAST_CENTER_BASE', 'BuildingType', 'BUILDING_BROADCAST_CENTER'),
('AKANE_REQUIRES_DISTRICT_IS_ENCAMPMENT_BASE', 'DistrictType', 'DISTRICT_ENCAMPMENT'),
('AKANE_REQUIRES_DISTRICT_IS_CAMPUS_BASE', 'DistrictType', 'DISTRICT_CAMPUS'),
('AKANE_REQUIRES_DISTRICT_IS_COMMERCIAL_HUB_BASE', 'DistrictType', 'DISTRICT_COMMERCIAL_HUB'),
('AKANE_REQUIRES_DISTRICT_IS_HARBOR_BASE', 'DistrictType', 'DISTRICT_HARBOR'),
('AKANE_REQUIRES_DISTRICT_IS_ENTERTAINMENT_COMPLEX_BASE', 'DistrictType', 'DISTRICT_ENTERTAINMENT_COMPLEX'),
('AKANE_REQUIRES_DISTRICT_IS_WATER_PARK_BASE', 'DistrictType', 'DISTRICT_WATER_ENTERTAINMENT_COMPLEX'),
('AKANE_REQUIRES_DISTRICT_IS_INDUSTRIAL_ZONE_BASE', 'DistrictType', 'DISTRICT_INDUSTRIAL_ZONE'),
('AKANE_REQUIRES_DISTRICT_IS_HOLY_SITE_BASE', 'DistrictType', 'DISTRICT_HOLY_SITE');

INSERT INTO RequirementSetRequirements (RequirementSetId, RequirementId) VALUES
('AKANE_CITY_HAS_ANY_CAMPUS', 'AKANE_REQUIRES_CITY_HAS_CAMPUS_BASE'),
('AKANE_CITY_HAS_ANY_COMMERCIAL_HUB', 'AKANE_REQUIRES_CITY_HAS_COMMERCIAL_HUB_BASE'),
('AKANE_CITY_HAS_ANY_HARBOR', 'AKANE_REQUIRES_CITY_HAS_HARBOR_BASE'),
('AKANE_CITY_HAS_ANY_ENCAMPMENT', 'AKANE_REQUIRES_CITY_HAS_ENCAMPMENT_BASE'),
('AKANE_CITY_HAS_ANY_INDUSTRIAL_ZONE', 'AKANE_REQUIRES_CITY_HAS_INDUSTRIAL_ZONE_BASE'),
('AKANE_CITY_HAS_ANY_HOLY_SITE', 'AKANE_REQUIRES_CITY_HAS_HOLY_SITE_BASE'),
('AKANE_CITY_HAS_ANY_BUILDING_LIBRARY', 'AKANE_REQUIRES_CITY_HAS_BUILDING_LIBRARY_BASE'),
('AKANE_CITY_HAS_ANY_BUILDING_UNIVERSITY', 'AKANE_REQUIRES_CITY_HAS_BUILDING_UNIVERSITY_BASE'),
('AKANE_CITY_HAS_ANY_BUILDING_RESEARCH_LAB', 'AKANE_REQUIRES_CITY_HAS_BUILDING_RESEARCH_LAB_BASE'),
('AKANE_CITY_HAS_ANY_BUILDING_MARKET', 'AKANE_REQUIRES_CITY_HAS_BUILDING_MARKET_BASE'),
('AKANE_CITY_HAS_ANY_BUILDING_BANK', 'AKANE_REQUIRES_CITY_HAS_BUILDING_BANK_BASE'),
('AKANE_CITY_HAS_ANY_BUILDING_STOCK_EXCHANGE', 'AKANE_REQUIRES_CITY_HAS_BUILDING_STOCK_EXCHANGE_BASE'),
('AKANE_CITY_HAS_ANY_BUILDING_LIGHTHOUSE', 'AKANE_REQUIRES_CITY_HAS_BUILDING_LIGHTHOUSE_BASE'),
('AKANE_CITY_HAS_ANY_BUILDING_SHIPYARD', 'AKANE_REQUIRES_CITY_HAS_BUILDING_SHIPYARD_BASE'),
('AKANE_CITY_HAS_ANY_BUILDING_SEAPORT', 'AKANE_REQUIRES_CITY_HAS_BUILDING_SEAPORT_BASE'),
('AKANE_CITY_HAS_ANY_BUILDING_BARRACKS', 'AKANE_REQUIRES_CITY_HAS_BUILDING_BARRACKS_BASE'),
('AKANE_CITY_HAS_ANY_BUILDING_STABLE', 'AKANE_REQUIRES_CITY_HAS_BUILDING_STABLE_BASE'),
('AKANE_CITY_HAS_ANY_BUILDING_ARMORY', 'AKANE_REQUIRES_CITY_HAS_BUILDING_ARMORY_BASE'),
('AKANE_CITY_HAS_ANY_BUILDING_MILITARY_ACADEMY', 'AKANE_REQUIRES_CITY_HAS_BUILDING_MILITARY_ACADEMY_BASE'),
('AKANE_CITY_HAS_ANY_BUILDING_SHRINE', 'AKANE_REQUIRES_CITY_HAS_BUILDING_SHRINE_BASE'),
('AKANE_CITY_HAS_ANY_BUILDING_TEMPLE', 'AKANE_REQUIRES_CITY_HAS_BUILDING_TEMPLE_BASE'),
('AKANE_CITY_HAS_ANY_BUILDING_AMPHITHEATER', 'AKANE_REQUIRES_CITY_HAS_BUILDING_AMPHITHEATER_BASE'),
('AKANE_CITY_HAS_ANY_BUILDING_ART_MUSEUM', 'AKANE_REQUIRES_CITY_HAS_BUILDING_ART_MUSEUM_BASE'),
('AKANE_CITY_HAS_ANY_BUILDING_ARCHAEOLOGICAL_MUSEUM', 'AKANE_REQUIRES_CITY_HAS_BUILDING_ARCHAEOLOGICAL_MUSEUM_BASE'),
('AKANE_CITY_HAS_ANY_BUILDING_BROADCAST_CENTER', 'AKANE_REQUIRES_CITY_HAS_BUILDING_BROADCAST_CENTER_BASE'),
('AKANE_DISTRICT_IS_ANY_CAMPUS', 'AKANE_REQUIRES_DISTRICT_IS_CAMPUS_BASE'),
('AKANE_DISTRICT_IS_ANY_COMMERCIAL_HUB', 'AKANE_REQUIRES_DISTRICT_IS_COMMERCIAL_HUB_BASE'),
('AKANE_DISTRICT_IS_ANY_HARBOR', 'AKANE_REQUIRES_DISTRICT_IS_HARBOR_BASE'),
('AKANE_DISTRICT_IS_ANY_ENTERTAINMENT_COMPLEX', 'AKANE_REQUIRES_DISTRICT_IS_ENTERTAINMENT_COMPLEX_BASE'),
('AKANE_DISTRICT_IS_ANY_WATER_PARK', 'AKANE_REQUIRES_DISTRICT_IS_WATER_PARK_BASE'),
('AKANE_DISTRICT_IS_ANY_ENCAMPMENT', 'AKANE_REQUIRES_DISTRICT_IS_ENCAMPMENT_BASE'),
('AKANE_DISTRICT_IS_ANY_INDUSTRIAL_ZONE', 'AKANE_REQUIRES_DISTRICT_IS_INDUSTRIAL_ZONE_BASE'),
('AKANE_DISTRICT_IS_ANY_HOLY_SITE', 'AKANE_REQUIRES_DISTRICT_IS_HOLY_SITE_BASE'),
('AKANE_CITY_HAS_CAMPUS_AND_LALALAI', 'AKANE_REQUIRES_CITY_HAS_CAMPUS'),
('AKANE_CITY_HAS_CAMPUS_AND_LALALAI', 'AKANE_REQUIRES_CITY_HAS_LALALAI'),
('AKANE_CITY_HAS_LIBRARY_AND_CAMPUS_AND_LALALAI', 'AKANE_REQUIRES_CITY_HAS_CAMPUS'),
('AKANE_CITY_HAS_LIBRARY_AND_CAMPUS_AND_LALALAI', 'AKANE_REQUIRES_CITY_HAS_LALALAI'),
('AKANE_CITY_HAS_LIBRARY_AND_CAMPUS_AND_LALALAI', 'AKANE_REQUIRES_CITY_HAS_BUILDING_LIBRARY'),
('AKANE_CITY_HAS_UNIVERSITY_AND_CAMPUS_AND_LALALAI', 'AKANE_REQUIRES_CITY_HAS_CAMPUS'),
('AKANE_CITY_HAS_UNIVERSITY_AND_CAMPUS_AND_LALALAI', 'AKANE_REQUIRES_CITY_HAS_LALALAI'),
('AKANE_CITY_HAS_UNIVERSITY_AND_CAMPUS_AND_LALALAI', 'AKANE_REQUIRES_CITY_HAS_BUILDING_UNIVERSITY'),
('AKANE_CITY_HAS_RESEARCH_LAB_AND_CAMPUS_AND_LALALAI', 'AKANE_REQUIRES_CITY_HAS_CAMPUS'),
('AKANE_CITY_HAS_RESEARCH_LAB_AND_CAMPUS_AND_LALALAI', 'AKANE_REQUIRES_CITY_HAS_LALALAI'),
('AKANE_CITY_HAS_RESEARCH_LAB_AND_CAMPUS_AND_LALALAI', 'AKANE_REQUIRES_CITY_HAS_BUILDING_RESEARCH_LAB'),
('AKANE_CITY_HAS_COMMERCIAL_HUB_AND_LALALAI', 'AKANE_REQUIRES_CITY_HAS_COMMERCIAL_HUB'),
('AKANE_CITY_HAS_COMMERCIAL_HUB_AND_LALALAI', 'AKANE_REQUIRES_CITY_HAS_LALALAI'),
('AKANE_CITY_HAS_MARKET_AND_COMMERCIAL_HUB_AND_LALALAI', 'AKANE_REQUIRES_CITY_HAS_COMMERCIAL_HUB'),
('AKANE_CITY_HAS_MARKET_AND_COMMERCIAL_HUB_AND_LALALAI', 'AKANE_REQUIRES_CITY_HAS_LALALAI'),
('AKANE_CITY_HAS_MARKET_AND_COMMERCIAL_HUB_AND_LALALAI', 'AKANE_REQUIRES_CITY_HAS_BUILDING_MARKET'),
('AKANE_CITY_HAS_BANK_AND_COMMERCIAL_HUB_AND_LALALAI', 'AKANE_REQUIRES_CITY_HAS_COMMERCIAL_HUB'),
('AKANE_CITY_HAS_BANK_AND_COMMERCIAL_HUB_AND_LALALAI', 'AKANE_REQUIRES_CITY_HAS_LALALAI'),
('AKANE_CITY_HAS_BANK_AND_COMMERCIAL_HUB_AND_LALALAI', 'AKANE_REQUIRES_CITY_HAS_BUILDING_BANK'),
('AKANE_CITY_HAS_STOCK_EXCHANGE_AND_COMMERCIAL_HUB_AND_LALALAI', 'AKANE_REQUIRES_CITY_HAS_COMMERCIAL_HUB'),
('AKANE_CITY_HAS_STOCK_EXCHANGE_AND_COMMERCIAL_HUB_AND_LALALAI', 'AKANE_REQUIRES_CITY_HAS_LALALAI'),
('AKANE_CITY_HAS_STOCK_EXCHANGE_AND_COMMERCIAL_HUB_AND_LALALAI', 'AKANE_REQUIRES_CITY_HAS_BUILDING_STOCK_EXCHANGE'),
('AKANE_CITY_HAS_HARBOR_AND_LALALAI', 'AKANE_REQUIRES_CITY_HAS_HARBOR'),
('AKANE_CITY_HAS_HARBOR_AND_LALALAI', 'AKANE_REQUIRES_CITY_HAS_LALALAI');

INSERT INTO RequirementSetRequirements (RequirementSetId, RequirementId) VALUES
('AKANE_CITY_HAS_LIGHTHOUSE_AND_HARBOR_AND_LALALAI', 'AKANE_REQUIRES_CITY_HAS_HARBOR'),
('AKANE_CITY_HAS_LIGHTHOUSE_AND_HARBOR_AND_LALALAI', 'AKANE_REQUIRES_CITY_HAS_LALALAI'),
('AKANE_CITY_HAS_LIGHTHOUSE_AND_HARBOR_AND_LALALAI', 'AKANE_REQUIRES_CITY_HAS_BUILDING_LIGHTHOUSE'),
('AKANE_CITY_HAS_SHIPYARD_AND_HARBOR_AND_LALALAI', 'AKANE_REQUIRES_CITY_HAS_HARBOR'),
('AKANE_CITY_HAS_SHIPYARD_AND_HARBOR_AND_LALALAI', 'AKANE_REQUIRES_CITY_HAS_LALALAI'),
('AKANE_CITY_HAS_SHIPYARD_AND_HARBOR_AND_LALALAI', 'AKANE_REQUIRES_CITY_HAS_BUILDING_SHIPYARD'),
('AKANE_CITY_HAS_SEAPORT_AND_HARBOR_AND_LALALAI', 'AKANE_REQUIRES_CITY_HAS_HARBOR'),
('AKANE_CITY_HAS_SEAPORT_AND_HARBOR_AND_LALALAI', 'AKANE_REQUIRES_CITY_HAS_LALALAI'),
('AKANE_CITY_HAS_SEAPORT_AND_HARBOR_AND_LALALAI', 'AKANE_REQUIRES_CITY_HAS_BUILDING_SEAPORT'),
('AKANE_CITY_HAS_ENCAMPMENT_AND_LALALAI', 'AKANE_REQUIRES_CITY_HAS_ENCAMPMENT'),
('AKANE_CITY_HAS_ENCAMPMENT_AND_LALALAI', 'AKANE_REQUIRES_CITY_HAS_LALALAI'),
('AKANE_CITY_HAS_BARRACKS_AND_ENCAMPMENT_AND_LALALAI', 'AKANE_REQUIRES_CITY_HAS_ENCAMPMENT'),
('AKANE_CITY_HAS_BARRACKS_AND_ENCAMPMENT_AND_LALALAI', 'AKANE_REQUIRES_CITY_HAS_LALALAI'),
('AKANE_CITY_HAS_BARRACKS_AND_ENCAMPMENT_AND_LALALAI', 'AKANE_REQUIRES_CITY_HAS_BUILDING_BARRACKS'),
('AKANE_CITY_HAS_STABLE_AND_ENCAMPMENT_AND_LALALAI', 'AKANE_REQUIRES_CITY_HAS_ENCAMPMENT'),
('AKANE_CITY_HAS_STABLE_AND_ENCAMPMENT_AND_LALALAI', 'AKANE_REQUIRES_CITY_HAS_LALALAI'),
('AKANE_CITY_HAS_STABLE_AND_ENCAMPMENT_AND_LALALAI', 'AKANE_REQUIRES_CITY_HAS_BUILDING_STABLE'),
('AKANE_CITY_HAS_ARMORY_AND_ENCAMPMENT_AND_LALALAI', 'AKANE_REQUIRES_CITY_HAS_ENCAMPMENT'),
('AKANE_CITY_HAS_ARMORY_AND_ENCAMPMENT_AND_LALALAI', 'AKANE_REQUIRES_CITY_HAS_LALALAI'),
('AKANE_CITY_HAS_ARMORY_AND_ENCAMPMENT_AND_LALALAI', 'AKANE_REQUIRES_CITY_HAS_BUILDING_ARMORY'),
('AKANE_CITY_HAS_MILITARY_ACADEMY_AND_ENCAMPMENT_AND_LALALAI', 'AKANE_REQUIRES_CITY_HAS_ENCAMPMENT'),
('AKANE_CITY_HAS_MILITARY_ACADEMY_AND_ENCAMPMENT_AND_LALALAI', 'AKANE_REQUIRES_CITY_HAS_LALALAI'),
('AKANE_CITY_HAS_MILITARY_ACADEMY_AND_ENCAMPMENT_AND_LALALAI', 'AKANE_REQUIRES_CITY_HAS_BUILDING_MILITARY_ACADEMY'),
('AKANE_CITY_HAS_INDUSTRIAL_ZONE_AND_LALALAI', 'AKANE_REQUIRES_CITY_HAS_INDUSTRIAL_ZONE'),
('AKANE_CITY_HAS_INDUSTRIAL_ZONE_AND_LALALAI', 'AKANE_REQUIRES_CITY_HAS_LALALAI'),
('AKANE_CITY_HAS_HOLY_SITE_AND_LALALAI', 'AKANE_REQUIRES_CITY_HAS_HOLY_SITE'),
('AKANE_CITY_HAS_HOLY_SITE_AND_LALALAI', 'AKANE_REQUIRES_CITY_HAS_LALALAI'),
('AKANE_CITY_HAS_SHRINE_AND_HOLY_SITE_AND_LALALAI', 'AKANE_REQUIRES_CITY_HAS_HOLY_SITE'),
('AKANE_CITY_HAS_SHRINE_AND_HOLY_SITE_AND_LALALAI', 'AKANE_REQUIRES_CITY_HAS_LALALAI'),
('AKANE_CITY_HAS_SHRINE_AND_HOLY_SITE_AND_LALALAI', 'AKANE_REQUIRES_CITY_HAS_BUILDING_SHRINE'),
('AKANE_CITY_HAS_TEMPLE_AND_HOLY_SITE_AND_LALALAI', 'AKANE_REQUIRES_CITY_HAS_HOLY_SITE'),
('AKANE_CITY_HAS_TEMPLE_AND_HOLY_SITE_AND_LALALAI', 'AKANE_REQUIRES_CITY_HAS_LALALAI'),
('AKANE_CITY_HAS_TEMPLE_AND_HOLY_SITE_AND_LALALAI', 'AKANE_REQUIRES_CITY_HAS_BUILDING_TEMPLE'),
('AKANE_CITY_HAS_AMPHITHEATER', 'AKANE_REQUIRES_CITY_HAS_BUILDING_AMPHITHEATER'),
('AKANE_CITY_HAS_ART_MUSEUM', 'AKANE_REQUIRES_CITY_HAS_BUILDING_ART_MUSEUM'),
('AKANE_CITY_HAS_ARCHAEOLOGICAL_MUSEUM', 'AKANE_REQUIRES_CITY_HAS_BUILDING_ARCHAEOLOGICAL_MUSEUM'),
('AKANE_CITY_HAS_BROADCAST_CENTER', 'AKANE_REQUIRES_CITY_HAS_BUILDING_BROADCAST_CENTER'),
('AKANE_PLAYER_HAS_MATHEMATICS', 'AKANE_REQUIRES_PLAYER_HAS_TECH_MATHEMATICS'),
('AKANE_PLAYER_HAS_SCIENTIFIC_THEORY', 'AKANE_REQUIRES_PLAYER_HAS_TECH_SCIENTIFIC_THEORY'),
('AKANE_DISTRICT_IS_ENCAMPMENT_AND_ADJ_LALALAI', 'AKANE_REQUIRES_DISTRICT_IS_ENCAMPMENT'),
('AKANE_DISTRICT_IS_ENCAMPMENT_AND_ADJ_LALALAI', 'AKANE_REQUIRES_PLOT_ADJACENT_LALALAI'),
('AKANE_DISTRICT_IS_CAMPUS_AND_ADJ_LALALAI', 'AKANE_REQUIRES_DISTRICT_IS_CAMPUS'),
('AKANE_DISTRICT_IS_CAMPUS_AND_ADJ_LALALAI', 'AKANE_REQUIRES_PLOT_ADJACENT_LALALAI'),
('AKANE_DISTRICT_IS_COMMERCIAL_HUB_AND_ADJ_LALALAI', 'AKANE_REQUIRES_DISTRICT_IS_COMMERCIAL_HUB'),
('AKANE_DISTRICT_IS_COMMERCIAL_HUB_AND_ADJ_LALALAI', 'AKANE_REQUIRES_PLOT_ADJACENT_LALALAI'),
('AKANE_DISTRICT_IS_HARBOR_AND_ADJ_LALALAI', 'AKANE_REQUIRES_DISTRICT_IS_HARBOR'),
('AKANE_DISTRICT_IS_HARBOR_AND_ADJ_LALALAI', 'AKANE_REQUIRES_PLOT_ADJACENT_LALALAI'),
('AKANE_DISTRICT_IS_ENTERTAINMENT_COMPLEX_AND_ADJ_LALALAI', 'AKANE_REQUIRES_DISTRICT_IS_ENTERTAINMENT_COMPLEX'),
('AKANE_DISTRICT_IS_ENTERTAINMENT_COMPLEX_AND_ADJ_LALALAI', 'AKANE_REQUIRES_PLOT_ADJACENT_LALALAI'),
('AKANE_DISTRICT_IS_WATER_PARK_AND_ADJ_LALALAI', 'AKANE_REQUIRES_DISTRICT_IS_WATER_PARK'),
('AKANE_DISTRICT_IS_WATER_PARK_AND_ADJ_LALALAI', 'AKANE_REQUIRES_PLOT_ADJACENT_LALALAI'),
('AKANE_DISTRICT_IS_INDUSTRIAL_ZONE_AND_ADJ_LALALAI', 'AKANE_REQUIRES_DISTRICT_IS_INDUSTRIAL_ZONE'),
('AKANE_DISTRICT_IS_INDUSTRIAL_ZONE_AND_ADJ_LALALAI', 'AKANE_REQUIRES_PLOT_ADJACENT_LALALAI'),
('AKANE_DISTRICT_IS_HOLY_SITE_AND_ADJ_LALALAI', 'AKANE_REQUIRES_DISTRICT_IS_HOLY_SITE'),
('AKANE_DISTRICT_IS_HOLY_SITE_AND_ADJ_LALALAI', 'AKANE_REQUIRES_PLOT_ADJACENT_LALALAI'),
('AKANE_UNIT_IS_RELIGIOUS_OR_INQUISITOR', 'AKANE_REQUIRES_UNIT_IS_RELIGIOUS'),
('AKANE_UNIT_IS_RELIGIOUS_OR_INQUISITOR', 'AKANE_REQUIRES_UNIT_IS_INQUISITOR'),
('DISTRICT_IS_LALALAI', 'REQUIRES_DISTRICT_IS_LALALAI');

INSERT INTO Requirements (RequirementId, RequirementType)
SELECT 'AKANE_REQUIRES_CITY_HAS_' || REPLACE(CivUniqueDistrictType, 'DISTRICT_', ''), 'REQUIREMENT_CITY_HAS_DISTRICT'
FROM DistrictReplaces
WHERE ReplacesDistrictType IN ('DISTRICT_CAMPUS', 'DISTRICT_COMMERCIAL_HUB', 'DISTRICT_HARBOR', 'DISTRICT_ENCAMPMENT', 'DISTRICT_INDUSTRIAL_ZONE', 'DISTRICT_HOLY_SITE');

INSERT INTO Requirements (RequirementId, RequirementType)
SELECT 'AKANE_REQUIRES_CITY_HAS_BUILDING_' || REPLACE(CivUniqueBuildingType, 'BUILDING_', ''), 'REQUIREMENT_CITY_HAS_BUILDING'
FROM BuildingReplaces
WHERE ReplacesBuildingType IN (
  'BUILDING_LIBRARY',
  'BUILDING_UNIVERSITY',
  'BUILDING_RESEARCH_LAB',
  'BUILDING_MARKET',
  'BUILDING_BANK',
  'BUILDING_STOCK_EXCHANGE',
  'BUILDING_LIGHTHOUSE',
  'BUILDING_SHIPYARD',
  'BUILDING_SEAPORT',
  'BUILDING_BARRACKS',
  'BUILDING_STABLE',
  'BUILDING_ARMORY',
  'BUILDING_MILITARY_ACADEMY',
  'BUILDING_SHRINE',
  'BUILDING_TEMPLE',
  'BUILDING_AMPHITHEATER',
  'BUILDING_MUSEUM_ART',
  'BUILDING_MUSEUM_ARTIFACT',
  'BUILDING_BROADCAST_CENTER'
);

INSERT INTO RequirementArguments (RequirementId, Name, Value)
SELECT 'AKANE_REQUIRES_CITY_HAS_BUILDING_' || REPLACE(CivUniqueBuildingType, 'BUILDING_', ''), 'BuildingType', CivUniqueBuildingType
FROM BuildingReplaces
WHERE ReplacesBuildingType IN (
  'BUILDING_LIBRARY',
  'BUILDING_UNIVERSITY',
  'BUILDING_RESEARCH_LAB',
  'BUILDING_MARKET',
  'BUILDING_BANK',
  'BUILDING_STOCK_EXCHANGE',
  'BUILDING_LIGHTHOUSE',
  'BUILDING_SHIPYARD',
  'BUILDING_SEAPORT',
  'BUILDING_BARRACKS',
  'BUILDING_STABLE',
  'BUILDING_ARMORY',
  'BUILDING_MILITARY_ACADEMY',
  'BUILDING_SHRINE',
  'BUILDING_TEMPLE',
  'BUILDING_AMPHITHEATER',
  'BUILDING_MUSEUM_ART',
  'BUILDING_MUSEUM_ARTIFACT',
  'BUILDING_BROADCAST_CENTER'
);

INSERT INTO RequirementSetRequirements (RequirementSetId, RequirementId)
SELECT
  CASE ReplacesBuildingType
    WHEN 'BUILDING_LIBRARY' THEN 'AKANE_CITY_HAS_ANY_BUILDING_LIBRARY'
    WHEN 'BUILDING_UNIVERSITY' THEN 'AKANE_CITY_HAS_ANY_BUILDING_UNIVERSITY'
    WHEN 'BUILDING_RESEARCH_LAB' THEN 'AKANE_CITY_HAS_ANY_BUILDING_RESEARCH_LAB'
    WHEN 'BUILDING_MARKET' THEN 'AKANE_CITY_HAS_ANY_BUILDING_MARKET'
    WHEN 'BUILDING_BANK' THEN 'AKANE_CITY_HAS_ANY_BUILDING_BANK'
    WHEN 'BUILDING_STOCK_EXCHANGE' THEN 'AKANE_CITY_HAS_ANY_BUILDING_STOCK_EXCHANGE'
    WHEN 'BUILDING_LIGHTHOUSE' THEN 'AKANE_CITY_HAS_ANY_BUILDING_LIGHTHOUSE'
    WHEN 'BUILDING_SHIPYARD' THEN 'AKANE_CITY_HAS_ANY_BUILDING_SHIPYARD'
    WHEN 'BUILDING_SEAPORT' THEN 'AKANE_CITY_HAS_ANY_BUILDING_SEAPORT'
    WHEN 'BUILDING_BARRACKS' THEN 'AKANE_CITY_HAS_ANY_BUILDING_BARRACKS'
    WHEN 'BUILDING_STABLE' THEN 'AKANE_CITY_HAS_ANY_BUILDING_STABLE'
    WHEN 'BUILDING_ARMORY' THEN 'AKANE_CITY_HAS_ANY_BUILDING_ARMORY'
    WHEN 'BUILDING_MILITARY_ACADEMY' THEN 'AKANE_CITY_HAS_ANY_BUILDING_MILITARY_ACADEMY'
    WHEN 'BUILDING_SHRINE' THEN 'AKANE_CITY_HAS_ANY_BUILDING_SHRINE'
    WHEN 'BUILDING_TEMPLE' THEN 'AKANE_CITY_HAS_ANY_BUILDING_TEMPLE'
    WHEN 'BUILDING_AMPHITHEATER' THEN 'AKANE_CITY_HAS_ANY_BUILDING_AMPHITHEATER'
    WHEN 'BUILDING_MUSEUM_ART' THEN 'AKANE_CITY_HAS_ANY_BUILDING_ART_MUSEUM'
    WHEN 'BUILDING_MUSEUM_ARTIFACT' THEN 'AKANE_CITY_HAS_ANY_BUILDING_ARCHAEOLOGICAL_MUSEUM'
    WHEN 'BUILDING_BROADCAST_CENTER' THEN 'AKANE_CITY_HAS_ANY_BUILDING_BROADCAST_CENTER'
  END,
  'AKANE_REQUIRES_CITY_HAS_BUILDING_' || REPLACE(CivUniqueBuildingType, 'BUILDING_', '')
FROM BuildingReplaces
WHERE ReplacesBuildingType IN (
  'BUILDING_LIBRARY',
  'BUILDING_UNIVERSITY',
  'BUILDING_RESEARCH_LAB',
  'BUILDING_MARKET',
  'BUILDING_BANK',
  'BUILDING_STOCK_EXCHANGE',
  'BUILDING_LIGHTHOUSE',
  'BUILDING_SHIPYARD',
  'BUILDING_SEAPORT',
  'BUILDING_BARRACKS',
  'BUILDING_STABLE',
  'BUILDING_ARMORY',
  'BUILDING_MILITARY_ACADEMY',
  'BUILDING_SHRINE',
  'BUILDING_TEMPLE',
  'BUILDING_AMPHITHEATER',
  'BUILDING_MUSEUM_ART',
  'BUILDING_MUSEUM_ARTIFACT',
  'BUILDING_BROADCAST_CENTER'
);

INSERT INTO Requirements (RequirementId, RequirementType)
SELECT 'AKANE_REQUIRES_DISTRICT_IS_' || REPLACE(CivUniqueDistrictType, 'DISTRICT_', ''), 'REQUIREMENT_DISTRICT_TYPE_MATCHES'
FROM DistrictReplaces
WHERE ReplacesDistrictType IN (
  'DISTRICT_CAMPUS',
  'DISTRICT_COMMERCIAL_HUB',
  'DISTRICT_HARBOR',
  'DISTRICT_ENTERTAINMENT_COMPLEX',
  'DISTRICT_WATER_ENTERTAINMENT_COMPLEX',
  'DISTRICT_ENCAMPMENT',
  'DISTRICT_INDUSTRIAL_ZONE',
  'DISTRICT_HOLY_SITE'
);

INSERT INTO RequirementArguments (RequirementId, Name, Value)
SELECT 'AKANE_REQUIRES_DISTRICT_IS_' || REPLACE(CivUniqueDistrictType, 'DISTRICT_', ''), 'DistrictType', CivUniqueDistrictType
FROM DistrictReplaces
WHERE ReplacesDistrictType IN (
  'DISTRICT_CAMPUS',
  'DISTRICT_COMMERCIAL_HUB',
  'DISTRICT_HARBOR',
  'DISTRICT_ENTERTAINMENT_COMPLEX',
  'DISTRICT_WATER_ENTERTAINMENT_COMPLEX',
  'DISTRICT_ENCAMPMENT',
  'DISTRICT_INDUSTRIAL_ZONE',
  'DISTRICT_HOLY_SITE'
);

INSERT INTO RequirementSetRequirements (RequirementSetId, RequirementId)
SELECT
  CASE ReplacesDistrictType
    WHEN 'DISTRICT_CAMPUS' THEN 'AKANE_DISTRICT_IS_ANY_CAMPUS'
    WHEN 'DISTRICT_COMMERCIAL_HUB' THEN 'AKANE_DISTRICT_IS_ANY_COMMERCIAL_HUB'
    WHEN 'DISTRICT_HARBOR' THEN 'AKANE_DISTRICT_IS_ANY_HARBOR'
    WHEN 'DISTRICT_ENTERTAINMENT_COMPLEX' THEN 'AKANE_DISTRICT_IS_ANY_ENTERTAINMENT_COMPLEX'
    WHEN 'DISTRICT_WATER_ENTERTAINMENT_COMPLEX' THEN 'AKANE_DISTRICT_IS_ANY_WATER_PARK'
    WHEN 'DISTRICT_ENCAMPMENT' THEN 'AKANE_DISTRICT_IS_ANY_ENCAMPMENT'
    WHEN 'DISTRICT_INDUSTRIAL_ZONE' THEN 'AKANE_DISTRICT_IS_ANY_INDUSTRIAL_ZONE'
    WHEN 'DISTRICT_HOLY_SITE' THEN 'AKANE_DISTRICT_IS_ANY_HOLY_SITE'
  END,
  'AKANE_REQUIRES_DISTRICT_IS_' || REPLACE(CivUniqueDistrictType, 'DISTRICT_', '')
FROM DistrictReplaces
WHERE ReplacesDistrictType IN (
  'DISTRICT_CAMPUS',
  'DISTRICT_COMMERCIAL_HUB',
  'DISTRICT_HARBOR',
  'DISTRICT_ENTERTAINMENT_COMPLEX',
  'DISTRICT_WATER_ENTERTAINMENT_COMPLEX',
  'DISTRICT_ENCAMPMENT',
  'DISTRICT_INDUSTRIAL_ZONE',
  'DISTRICT_HOLY_SITE'
);

INSERT INTO RequirementArguments (RequirementId, Name, Value)
SELECT 'AKANE_REQUIRES_CITY_HAS_' || REPLACE(CivUniqueDistrictType, 'DISTRICT_', ''), 'DistrictType', CivUniqueDistrictType
FROM DistrictReplaces
WHERE ReplacesDistrictType IN ('DISTRICT_CAMPUS', 'DISTRICT_COMMERCIAL_HUB', 'DISTRICT_HARBOR', 'DISTRICT_ENCAMPMENT', 'DISTRICT_INDUSTRIAL_ZONE', 'DISTRICT_HOLY_SITE');

INSERT INTO RequirementSetRequirements (RequirementSetId, RequirementId)
SELECT
  CASE ReplacesDistrictType
    WHEN 'DISTRICT_CAMPUS' THEN 'AKANE_CITY_HAS_ANY_CAMPUS'
    WHEN 'DISTRICT_COMMERCIAL_HUB' THEN 'AKANE_CITY_HAS_ANY_COMMERCIAL_HUB'
    WHEN 'DISTRICT_HARBOR' THEN 'AKANE_CITY_HAS_ANY_HARBOR'
    WHEN 'DISTRICT_ENCAMPMENT' THEN 'AKANE_CITY_HAS_ANY_ENCAMPMENT'
    WHEN 'DISTRICT_INDUSTRIAL_ZONE' THEN 'AKANE_CITY_HAS_ANY_INDUSTRIAL_ZONE'
    WHEN 'DISTRICT_HOLY_SITE' THEN 'AKANE_CITY_HAS_ANY_HOLY_SITE'
  END,
  'AKANE_REQUIRES_CITY_HAS_' || REPLACE(CivUniqueDistrictType, 'DISTRICT_', '')
FROM DistrictReplaces
WHERE ReplacesDistrictType IN ('DISTRICT_CAMPUS', 'DISTRICT_COMMERCIAL_HUB', 'DISTRICT_HARBOR', 'DISTRICT_ENCAMPMENT', 'DISTRICT_INDUSTRIAL_ZONE', 'DISTRICT_HOLY_SITE');
