-- Task 4: static civilization ability pieces tied to the Lalalai district.
-- Building-yield boosts below are intentionally enumerated for LALALAI's normal
-- district building chains. This mod adds a single custom civilization and does
-- not define unique replacement buildings for those chains, so explicit coverage
-- is clearer and safer than trying to auto-resolve other civilizations' uniques.

INSERT INTO Modifiers (ModifierId, ModifierType, SubjectRequirementSetId) VALUES
('AKANE_BUILDING_LIBRARY_FROM_LALALAI', 'MODIFIER_PLAYER_CITIES_ADJUST_BUILDING_YIELD_MODIFIER', 'AKANE_CITY_HAS_CAMPUS_AND_LALALAI'),
('AKANE_BUILDING_UNIVERSITY_FROM_LALALAI', 'MODIFIER_PLAYER_CITIES_ADJUST_BUILDING_YIELD_MODIFIER', 'AKANE_CITY_HAS_CAMPUS_AND_LALALAI'),
('AKANE_BUILDING_RESEARCH_LAB_FROM_LALALAI', 'MODIFIER_PLAYER_CITIES_ADJUST_BUILDING_YIELD_MODIFIER', 'AKANE_CITY_HAS_CAMPUS_AND_LALALAI'),
('AKANE_BUILDING_MARKET_FROM_LALALAI', 'MODIFIER_PLAYER_CITIES_ADJUST_BUILDING_YIELD_MODIFIER', 'AKANE_CITY_HAS_COMMERCIAL_HUB_AND_LALALAI'),
('AKANE_BUILDING_BANK_FROM_LALALAI', 'MODIFIER_PLAYER_CITIES_ADJUST_BUILDING_YIELD_MODIFIER', 'AKANE_CITY_HAS_COMMERCIAL_HUB_AND_LALALAI'),
('AKANE_BUILDING_STOCK_EXCHANGE_FROM_LALALAI', 'MODIFIER_PLAYER_CITIES_ADJUST_BUILDING_YIELD_MODIFIER', 'AKANE_CITY_HAS_COMMERCIAL_HUB_AND_LALALAI'),
('AKANE_BUILDING_LIGHTHOUSE_GOLD_FROM_LALALAI', 'MODIFIER_PLAYER_CITIES_ADJUST_BUILDING_YIELD_MODIFIER', 'AKANE_CITY_HAS_HARBOR_AND_LALALAI'),
('AKANE_BUILDING_LIGHTHOUSE_FOOD_FROM_LALALAI', 'MODIFIER_PLAYER_CITIES_ADJUST_BUILDING_YIELD_MODIFIER', 'AKANE_CITY_HAS_HARBOR_AND_LALALAI'),
('AKANE_BUILDING_SHIPYARD_FROM_LALALAI', 'MODIFIER_PLAYER_CITIES_ADJUST_BUILDING_YIELD_MODIFIER', 'AKANE_CITY_HAS_HARBOR_AND_LALALAI'),
('AKANE_BUILDING_SEAPORT_GOLD_FROM_LALALAI', 'MODIFIER_PLAYER_CITIES_ADJUST_BUILDING_YIELD_MODIFIER', 'AKANE_CITY_HAS_HARBOR_AND_LALALAI'),
('AKANE_BUILDING_SEAPORT_FOOD_FROM_LALALAI', 'MODIFIER_PLAYER_CITIES_ADJUST_BUILDING_YIELD_MODIFIER', 'AKANE_CITY_HAS_HARBOR_AND_LALALAI'),
('AKANE_BUILDING_BARRACKS_FROM_LALALAI', 'MODIFIER_PLAYER_CITIES_ADJUST_BUILDING_YIELD_MODIFIER', 'AKANE_CITY_HAS_ENCAMPMENT_AND_LALALAI'),
('AKANE_BUILDING_STABLE_FROM_LALALAI', 'MODIFIER_PLAYER_CITIES_ADJUST_BUILDING_YIELD_MODIFIER', 'AKANE_CITY_HAS_ENCAMPMENT_AND_LALALAI'),
('AKANE_BUILDING_ARMORY_FROM_LALALAI', 'MODIFIER_PLAYER_CITIES_ADJUST_BUILDING_YIELD_MODIFIER', 'AKANE_CITY_HAS_ENCAMPMENT_AND_LALALAI'),
('AKANE_BUILDING_MILITARY_ACADEMY_FROM_LALALAI', 'MODIFIER_PLAYER_CITIES_ADJUST_BUILDING_YIELD_MODIFIER', 'AKANE_CITY_HAS_ENCAMPMENT_AND_LALALAI'),
('AKANE_BUILDING_WORKSHOP_FROM_LALALAI', 'MODIFIER_PLAYER_CITIES_ADJUST_BUILDING_YIELD_MODIFIER', 'AKANE_CITY_HAS_INDUSTRIAL_ZONE_AND_LALALAI'),
('AKANE_BUILDING_FACTORY_FROM_LALALAI', 'MODIFIER_PLAYER_CITIES_ADJUST_BUILDING_YIELD_MODIFIER', 'AKANE_CITY_HAS_INDUSTRIAL_ZONE_AND_LALALAI'),
('AKANE_BUILDING_ELECTRONICS_FACTORY_FROM_LALALAI', 'MODIFIER_PLAYER_CITIES_ADJUST_BUILDING_YIELD_MODIFIER', 'AKANE_CITY_HAS_INDUSTRIAL_ZONE_AND_LALALAI'),
('AKANE_BUILDING_POWER_PLANT_FROM_LALALAI', 'MODIFIER_PLAYER_CITIES_ADJUST_BUILDING_YIELD_MODIFIER', 'AKANE_CITY_HAS_INDUSTRIAL_ZONE_AND_LALALAI'),
('AKANE_BUILDING_SHRINE_FROM_LALALAI', 'MODIFIER_PLAYER_CITIES_ADJUST_BUILDING_YIELD_MODIFIER', 'AKANE_CITY_HAS_HOLY_SITE_AND_LALALAI'),
('AKANE_BUILDING_TEMPLE_FROM_LALALAI', 'MODIFIER_PLAYER_CITIES_ADJUST_BUILDING_YIELD_MODIFIER', 'AKANE_CITY_HAS_HOLY_SITE_AND_LALALAI'),
('AKANE_LALALAI_DISTRICT_BASE_CULTURE', 'MODIFIER_PLAYER_DISTRICTS_ADJUST_YIELD_CHANGE', 'DISTRICT_IS_LALALAI'),
('AKANE_CITY_STAGE_LEGACY_CULTURE', 'MODIFIER_SINGLE_CITY_ADJUST_YIELD_CHANGE', NULL),
('AKANE_CITY_STAGE_AMPHITHEATER_CULTURE', 'MODIFIER_SINGLE_CITY_ADJUST_YIELD_CHANGE', 'AKANE_CITY_HAS_AMPHITHEATER'),
('AKANE_CITY_STAGE_ART_MUSEUM_CULTURE', 'MODIFIER_SINGLE_CITY_ADJUST_YIELD_CHANGE', 'AKANE_CITY_HAS_ART_MUSEUM'),
('AKANE_CITY_STAGE_ARCHAEOLOGICAL_MUSEUM_CULTURE', 'MODIFIER_SINGLE_CITY_ADJUST_YIELD_CHANGE', 'AKANE_CITY_HAS_ARCHAEOLOGICAL_MUSEUM'),
('AKANE_CITY_STAGE_BROADCAST_CENTER_CULTURE', 'MODIFIER_SINGLE_CITY_ADJUST_YIELD_CHANGE', 'AKANE_CITY_HAS_BROADCAST_CENTER'),
('AKANE_CITY_STAGE_AMPHITHEATER_TOURISM', 'MODIFIER_SINGLE_CITY_ADJUST_TOURISM', 'AKANE_CITY_HAS_AMPHITHEATER'),
('AKANE_CITY_STAGE_ART_MUSEUM_LANDSCAPE_TOURISM', 'MODIFIER_SINGLE_CITY_ADJUST_TOURISM', 'AKANE_CITY_HAS_ART_MUSEUM'),
('AKANE_CITY_STAGE_ART_MUSEUM_PORTRAIT_TOURISM', 'MODIFIER_SINGLE_CITY_ADJUST_TOURISM', 'AKANE_CITY_HAS_ART_MUSEUM'),
('AKANE_CITY_STAGE_ART_MUSEUM_RELIGIOUS_TOURISM', 'MODIFIER_SINGLE_CITY_ADJUST_TOURISM', 'AKANE_CITY_HAS_ART_MUSEUM'),
('AKANE_CITY_STAGE_ART_MUSEUM_SCULPTURE_TOURISM', 'MODIFIER_SINGLE_CITY_ADJUST_TOURISM', 'AKANE_CITY_HAS_ART_MUSEUM'),
('AKANE_CITY_STAGE_ARCHAEOLOGICAL_MUSEUM_TOURISM', 'MODIFIER_SINGLE_CITY_ADJUST_TOURISM', 'AKANE_CITY_HAS_ARCHAEOLOGICAL_MUSEUM'),
('AKANE_CITY_STAGE_BROADCAST_CENTER_TOURISM', 'MODIFIER_SINGLE_CITY_ADJUST_TOURISM', 'AKANE_CITY_HAS_BROADCAST_CENTER'),
('AKANE_ART_PROSPERITY_FOOD', 'MODIFIER_PLAYER_CITIES_ADJUST_CITY_YIELD_MODIFIER', NULL),
('AKANE_ART_PROSPERITY_PRODUCTION', 'MODIFIER_PLAYER_CITIES_ADJUST_CITY_YIELD_MODIFIER', NULL),
('AKANE_ART_PROSPERITY_GOLD', 'MODIFIER_PLAYER_CITIES_ADJUST_CITY_YIELD_MODIFIER', NULL),
('AKANE_ART_PROSPERITY_SCIENCE', 'MODIFIER_PLAYER_CITIES_ADJUST_CITY_YIELD_MODIFIER', NULL),
('AKANE_ART_PROSPERITY_CULTURE', 'MODIFIER_PLAYER_CITIES_ADJUST_CITY_YIELD_MODIFIER', NULL),
('AKANE_ART_PROSPERITY_FAITH', 'MODIFIER_PLAYER_CITIES_ADJUST_CITY_YIELD_MODIFIER', NULL),
('AKANE_ART_PROSPERITY_FOOD_NEGATIVE', 'MODIFIER_PLAYER_CITIES_ADJUST_CITY_YIELD_MODIFIER', NULL),
('AKANE_ART_PROSPERITY_PRODUCTION_NEGATIVE', 'MODIFIER_PLAYER_CITIES_ADJUST_CITY_YIELD_MODIFIER', NULL),
('AKANE_ART_PROSPERITY_GOLD_NEGATIVE', 'MODIFIER_PLAYER_CITIES_ADJUST_CITY_YIELD_MODIFIER', NULL),
('AKANE_ART_PROSPERITY_SCIENCE_NEGATIVE', 'MODIFIER_PLAYER_CITIES_ADJUST_CITY_YIELD_MODIFIER', NULL),
('AKANE_ART_PROSPERITY_CULTURE_NEGATIVE', 'MODIFIER_PLAYER_CITIES_ADJUST_CITY_YIELD_MODIFIER', NULL),
('AKANE_ART_PROSPERITY_FAITH_NEGATIVE', 'MODIFIER_PLAYER_CITIES_ADJUST_CITY_YIELD_MODIFIER', NULL),

('AKANE_MODE_SWITCH_BUFF_FOOD', 'MODIFIER_PLAYER_CITIES_ADJUST_CITY_YIELD_MODIFIER', NULL),
('AKANE_MODE_SWITCH_BUFF_PRODUCTION', 'MODIFIER_PLAYER_CITIES_ADJUST_CITY_YIELD_MODIFIER', NULL),
('AKANE_MODE_SWITCH_BUFF_GOLD', 'MODIFIER_PLAYER_CITIES_ADJUST_CITY_YIELD_MODIFIER', NULL),
('AKANE_MODE_SWITCH_BUFF_SCIENCE', 'MODIFIER_PLAYER_CITIES_ADJUST_CITY_YIELD_MODIFIER', NULL),
('AKANE_MODE_SWITCH_BUFF_CULTURE', 'MODIFIER_PLAYER_CITIES_ADJUST_CITY_YIELD_MODIFIER', NULL),
('AKANE_MODE_SWITCH_BUFF_FAITH', 'MODIFIER_PLAYER_CITIES_ADJUST_CITY_YIELD_MODIFIER', NULL),
('AKANE_MODE_SWITCH_BUFF_FOOD_NEGATIVE', 'MODIFIER_PLAYER_CITIES_ADJUST_CITY_YIELD_MODIFIER', NULL),
('AKANE_MODE_SWITCH_BUFF_PRODUCTION_NEGATIVE', 'MODIFIER_PLAYER_CITIES_ADJUST_CITY_YIELD_MODIFIER', NULL),
('AKANE_MODE_SWITCH_BUFF_GOLD_NEGATIVE', 'MODIFIER_PLAYER_CITIES_ADJUST_CITY_YIELD_MODIFIER', NULL),
('AKANE_MODE_SWITCH_BUFF_SCIENCE_NEGATIVE', 'MODIFIER_PLAYER_CITIES_ADJUST_CITY_YIELD_MODIFIER', NULL),
('AKANE_MODE_SWITCH_BUFF_CULTURE_NEGATIVE', 'MODIFIER_PLAYER_CITIES_ADJUST_CITY_YIELD_MODIFIER', NULL),
('AKANE_MODE_SWITCH_BUFF_FAITH_NEGATIVE', 'MODIFIER_PLAYER_CITIES_ADJUST_CITY_YIELD_MODIFIER', NULL),

('AKANE_MODE_AI_FAITH_FLAT', 'MODIFIER_PLAYER_CITIES_ADJUST_CITY_YIELD_CHANGE', NULL),
('AKANE_MODE_AI_PROPHET_POINTS', 'MODIFIER_PLAYER_ADJUST_GREAT_PERSON_POINTS', NULL),
('AKANE_MODE_AI_PROPHET_POINTS_PER_HOLY_SITE', 'MODIFIER_PLAYER_DISTRICTS_ADJUST_GREAT_PERSON_POINTS', 'DISTRICT_IS_HOLY_SITE'),
('AKANE_MODE_AI_FAITH_PERCENT', 'MODIFIER_PLAYER_CITIES_ADJUST_CITY_YIELD_MODIFIER', NULL),
('AKANE_MODE_AI_RELIGIOUS_STRENGTH', 'MODIFIER_PLAYER_UNITS_ATTACH_MODIFIER', 'AKANE_UNIT_IS_RELIGIOUS_OR_INQUISITOR'),
('AKANE_MODE_AI_RELIGIOUS_STRENGTH_MODIFIER', 'MODIFIER_UNIT_ADJUST_COMBAT_STRENGTH', NULL),
('AKANE_MODE_ACTOR_CULTURE_FLAT', 'MODIFIER_PLAYER_CITIES_ADJUST_CITY_YIELD_CHANGE', NULL),
('AKANE_MODE_ACTOR_ARTIST_POINTS', 'MODIFIER_PLAYER_DISTRICTS_ADJUST_GREAT_PERSON_POINTS', 'DISTRICT_IS_LALALAI'),
('AKANE_MODE_ACTOR_ARTIST_POINTS_FLAT', 'MODIFIER_PLAYER_ADJUST_GREAT_PERSON_POINTS', NULL),
('AKANE_MODE_ACTOR_WRITER_POINTS', 'MODIFIER_PLAYER_DISTRICTS_ADJUST_GREAT_PERSON_POINTS', 'DISTRICT_IS_LALALAI'),
('AKANE_MODE_ACTOR_WRITER_POINTS_FLAT', 'MODIFIER_PLAYER_ADJUST_GREAT_PERSON_POINTS', NULL),
('AKANE_MODE_ACTOR_MUSICIAN_POINTS', 'MODIFIER_PLAYER_DISTRICTS_ADJUST_GREAT_PERSON_POINTS', 'DISTRICT_IS_LALALAI'),
('AKANE_MODE_ACTOR_MUSICIAN_POINTS_FLAT', 'MODIFIER_PLAYER_ADJUST_GREAT_PERSON_POINTS', NULL),
('AKANE_MODE_ACTOR_CULTURE_PERCENT', 'MODIFIER_PLAYER_CITIES_ADJUST_CITY_YIELD_MODIFIER', NULL),
('AKANE_MODE_ACTOR_TOURISM_PERCENT', 'MODIFIER_PLAYER_ADJUST_TOURISM', NULL),
('AKANE_MODE_WARRIOR_COMBAT', 'MODIFIER_PLAYER_UNITS_ADJUST_COMBAT_STRENGTH', NULL),
('AKANE_MODE_WARRIOR_MOVEMENT', 'MODIFIER_PLAYER_UNITS_ADJUST_MOVEMENT', NULL),
('AKANE_MODE_WARRIOR_PRODUCTION_FLAT', 'MODIFIER_PLAYER_CITIES_ADJUST_CITY_YIELD_CHANGE', NULL),
('AKANE_MODE_WARRIOR_GENERAL_POINTS', 'MODIFIER_PLAYER_ADJUST_GREAT_PERSON_POINTS', NULL),
('AKANE_MODE_WARRIOR_GENERAL_POINTS_PER_ENCAMPMENT', 'MODIFIER_PLAYER_DISTRICTS_ADJUST_GREAT_PERSON_POINTS', 'DISTRICT_IS_ENCAMPMENT'),
('AKANE_MODE_WARRIOR_ENCAMPMENT_PRODUCTION', 'MODIFIER_PLAYER_DISTRICTS_ADJUST_YIELD_CHANGE', 'DISTRICT_IS_ENCAMPMENT'),
('AKANE_MODE_AI_FAITH_FLAT_NEGATIVE', 'MODIFIER_PLAYER_CITIES_ADJUST_CITY_YIELD_CHANGE', NULL),
('AKANE_MODE_AI_PROPHET_POINTS_NEGATIVE', 'MODIFIER_PLAYER_ADJUST_GREAT_PERSON_POINTS', NULL),
('AKANE_MODE_AI_PROPHET_POINTS_PER_HOLY_SITE_NEGATIVE', 'MODIFIER_PLAYER_DISTRICTS_ADJUST_GREAT_PERSON_POINTS', 'DISTRICT_IS_HOLY_SITE'),
('AKANE_MODE_AI_FAITH_PERCENT_NEGATIVE', 'MODIFIER_PLAYER_CITIES_ADJUST_CITY_YIELD_MODIFIER', NULL),
('AKANE_MODE_AI_RELIGIOUS_STRENGTH_NEGATIVE', 'MODIFIER_PLAYER_UNITS_ATTACH_MODIFIER', 'AKANE_UNIT_IS_RELIGIOUS_OR_INQUISITOR'),
('AKANE_MODE_AI_RELIGIOUS_STRENGTH_NEGATIVE_MODIFIER', 'MODIFIER_UNIT_ADJUST_COMBAT_STRENGTH', NULL),
('AKANE_MODE_ACTOR_CULTURE_FLAT_NEGATIVE', 'MODIFIER_PLAYER_CITIES_ADJUST_CITY_YIELD_CHANGE', NULL),
('AKANE_MODE_ACTOR_ARTIST_POINTS_NEGATIVE', 'MODIFIER_PLAYER_DISTRICTS_ADJUST_GREAT_PERSON_POINTS', 'DISTRICT_IS_LALALAI'),
('AKANE_MODE_ACTOR_ARTIST_POINTS_FLAT_NEGATIVE', 'MODIFIER_PLAYER_ADJUST_GREAT_PERSON_POINTS', NULL),
('AKANE_MODE_ACTOR_WRITER_POINTS_NEGATIVE', 'MODIFIER_PLAYER_DISTRICTS_ADJUST_GREAT_PERSON_POINTS', 'DISTRICT_IS_LALALAI'),
('AKANE_MODE_ACTOR_WRITER_POINTS_FLAT_NEGATIVE', 'MODIFIER_PLAYER_ADJUST_GREAT_PERSON_POINTS', NULL),
('AKANE_MODE_ACTOR_MUSICIAN_POINTS_NEGATIVE', 'MODIFIER_PLAYER_DISTRICTS_ADJUST_GREAT_PERSON_POINTS', 'DISTRICT_IS_LALALAI'),
('AKANE_MODE_ACTOR_MUSICIAN_POINTS_FLAT_NEGATIVE', 'MODIFIER_PLAYER_ADJUST_GREAT_PERSON_POINTS', NULL),
('AKANE_MODE_ACTOR_CULTURE_PERCENT_NEGATIVE', 'MODIFIER_PLAYER_CITIES_ADJUST_CITY_YIELD_MODIFIER', NULL),
('AKANE_MODE_ACTOR_TOURISM_PERCENT_NEGATIVE', 'MODIFIER_PLAYER_ADJUST_TOURISM', NULL),
('AKANE_MODE_WARRIOR_COMBAT_NEGATIVE', 'MODIFIER_PLAYER_UNITS_ADJUST_COMBAT_STRENGTH', NULL),
('AKANE_MODE_WARRIOR_MOVEMENT_NEGATIVE', 'MODIFIER_PLAYER_UNITS_ADJUST_MOVEMENT', NULL),
('AKANE_MODE_WARRIOR_PRODUCTION_FLAT_NEGATIVE', 'MODIFIER_PLAYER_CITIES_ADJUST_CITY_YIELD_CHANGE', NULL),
('AKANE_MODE_WARRIOR_GENERAL_POINTS_NEGATIVE', 'MODIFIER_PLAYER_ADJUST_GREAT_PERSON_POINTS', NULL),
('AKANE_MODE_WARRIOR_GENERAL_POINTS_PER_ENCAMPMENT_NEGATIVE', 'MODIFIER_PLAYER_DISTRICTS_ADJUST_GREAT_PERSON_POINTS', 'DISTRICT_IS_ENCAMPMENT'),
('AKANE_MODE_WARRIOR_ENCAMPMENT_PRODUCTION_NEGATIVE', 'MODIFIER_PLAYER_DISTRICTS_ADJUST_YIELD_CHANGE', 'DISTRICT_IS_ENCAMPMENT'),

('AKANE_LEADER_REASONING_CULTURE_FLAT', 'MODIFIER_PLAYER_CITIES_ADJUST_CITY_YIELD_CHANGE', NULL),
('AKANE_LEADER_REASONING_SCIENCE_PERCENT', 'MODIFIER_PLAYER_CITIES_ADJUST_CITY_YIELD_MODIFIER', NULL),
('AKANE_LEADER_REASONING_SCIENCE_THEORY_PERCENT', 'MODIFIER_PLAYER_CITIES_ADJUST_CITY_YIELD_MODIFIER', NULL),

('AKANE_CITY_STAGE_LALALAI_CULTURE_BONUS', 'MODIFIER_SINGLE_CITY_DISTRICTS_ADJUST_YIELD_CHANGE', 'DISTRICT_IS_LALALAI'),
('AKANE_CITY_STAGE_LALALAI_GOLD_BONUS', 'MODIFIER_SINGLE_CITY_DISTRICTS_ADJUST_YIELD_CHANGE', 'DISTRICT_IS_LALALAI'),
('AKANE_CITY_STAGE_CAMPUS_DOUBLE_ADJACENCY', 'MODIFIER_SINGLE_CITY_DISTRICTS_ADJUST_YIELD_CHANGE', 'AKANE_DISTRICT_IS_CAMPUS_AND_ADJ_LALALAI'),
('AKANE_CITY_STAGE_COMMERCIAL_DOUBLE_ADJACENCY', 'MODIFIER_SINGLE_CITY_DISTRICTS_ADJUST_YIELD_CHANGE', 'AKANE_DISTRICT_IS_COMMERCIAL_HUB_AND_ADJ_LALALAI'),
('AKANE_CITY_STAGE_HARBOR_DOUBLE_ADJACENCY', 'MODIFIER_SINGLE_CITY_DISTRICTS_ADJUST_YIELD_CHANGE', 'AKANE_DISTRICT_IS_HARBOR_AND_ADJ_LALALAI'),
('AKANE_CITY_STAGE_ENTERTAINMENT_COMPLEX_DOUBLE_ADJACENCY', 'MODIFIER_SINGLE_CITY_DISTRICTS_ADJUST_YIELD_CHANGE', 'AKANE_DISTRICT_IS_ENTERTAINMENT_COMPLEX_AND_ADJ_LALALAI'),
('AKANE_CITY_STAGE_WATER_PARK_DOUBLE_ADJACENCY', 'MODIFIER_SINGLE_CITY_DISTRICTS_ADJUST_YIELD_CHANGE', 'AKANE_DISTRICT_IS_WATER_PARK_AND_ADJ_LALALAI'),
('AKANE_CITY_STAGE_ENCAMPMENT_DOUBLE_ADJACENCY', 'MODIFIER_SINGLE_CITY_DISTRICTS_ADJUST_YIELD_CHANGE', 'AKANE_DISTRICT_IS_ENCAMPMENT_AND_ADJ_LALALAI'),
('AKANE_CITY_STAGE_INDUSTRIAL_ZONE_DOUBLE_ADJACENCY', 'MODIFIER_SINGLE_CITY_DISTRICTS_ADJUST_YIELD_CHANGE', 'AKANE_DISTRICT_IS_INDUSTRIAL_ZONE_AND_ADJ_LALALAI'),
('AKANE_CITY_STAGE_HOLY_SITE_DOUBLE_ADJACENCY', 'MODIFIER_SINGLE_CITY_DISTRICTS_ADJUST_YIELD_CHANGE', 'AKANE_DISTRICT_IS_HOLY_SITE_AND_ADJ_LALALAI'),
('AKANE_CITY_STAGE_LALALAI_CULTURE_BONUS_NEGATIVE', 'MODIFIER_SINGLE_CITY_DISTRICTS_ADJUST_YIELD_CHANGE', 'DISTRICT_IS_LALALAI'),
('AKANE_CITY_STAGE_LALALAI_GOLD_BONUS_NEGATIVE', 'MODIFIER_SINGLE_CITY_DISTRICTS_ADJUST_YIELD_CHANGE', 'DISTRICT_IS_LALALAI'),
('AKANE_CITY_STAGE_CAMPUS_DOUBLE_ADJACENCY_NEGATIVE', 'MODIFIER_SINGLE_CITY_DISTRICTS_ADJUST_YIELD_CHANGE', 'AKANE_DISTRICT_IS_CAMPUS_AND_ADJ_LALALAI'),
('AKANE_CITY_STAGE_COMMERCIAL_DOUBLE_ADJACENCY_NEGATIVE', 'MODIFIER_SINGLE_CITY_DISTRICTS_ADJUST_YIELD_CHANGE', 'AKANE_DISTRICT_IS_COMMERCIAL_HUB_AND_ADJ_LALALAI'),
('AKANE_CITY_STAGE_HARBOR_DOUBLE_ADJACENCY_NEGATIVE', 'MODIFIER_SINGLE_CITY_DISTRICTS_ADJUST_YIELD_CHANGE', 'AKANE_DISTRICT_IS_HARBOR_AND_ADJ_LALALAI'),
('AKANE_CITY_STAGE_ENTERTAINMENT_COMPLEX_DOUBLE_ADJACENCY_NEGATIVE', 'MODIFIER_SINGLE_CITY_DISTRICTS_ADJUST_YIELD_CHANGE', 'AKANE_DISTRICT_IS_ENTERTAINMENT_COMPLEX_AND_ADJ_LALALAI'),
('AKANE_CITY_STAGE_WATER_PARK_DOUBLE_ADJACENCY_NEGATIVE', 'MODIFIER_SINGLE_CITY_DISTRICTS_ADJUST_YIELD_CHANGE', 'AKANE_DISTRICT_IS_WATER_PARK_AND_ADJ_LALALAI'),
('AKANE_CITY_STAGE_ENCAMPMENT_DOUBLE_ADJACENCY_NEGATIVE', 'MODIFIER_SINGLE_CITY_DISTRICTS_ADJUST_YIELD_CHANGE', 'AKANE_DISTRICT_IS_ENCAMPMENT_AND_ADJ_LALALAI'),
('AKANE_CITY_STAGE_INDUSTRIAL_ZONE_DOUBLE_ADJACENCY_NEGATIVE', 'MODIFIER_SINGLE_CITY_DISTRICTS_ADJUST_YIELD_CHANGE', 'AKANE_DISTRICT_IS_INDUSTRIAL_ZONE_AND_ADJ_LALALAI'),
('AKANE_CITY_STAGE_HOLY_SITE_DOUBLE_ADJACENCY_NEGATIVE', 'MODIFIER_SINGLE_CITY_DISTRICTS_ADJUST_YIELD_CHANGE', 'AKANE_DISTRICT_IS_HOLY_SITE_AND_ADJ_LALALAI'),
('AKANE_CITY_STAGE_AMPHITHEATER_TOURISM_ALL', 'MODIFIER_SINGLE_CITY_ADJUST_TOURISM', 'AKANE_CITY_HAS_AMPHITHEATER'),
('AKANE_CITY_STAGE_ART_MUSEUM_TOURISM_ALL', 'MODIFIER_SINGLE_CITY_ADJUST_TOURISM', 'AKANE_CITY_HAS_ART_MUSEUM'),
('AKANE_CITY_STAGE_ARCHAEOLOGICAL_MUSEUM_TOURISM_ALL', 'MODIFIER_SINGLE_CITY_ADJUST_TOURISM', 'AKANE_CITY_HAS_ARCHAEOLOGICAL_MUSEUM'),
('AKANE_CITY_STAGE_BROADCAST_CENTER_TOURISM_ALL', 'MODIFIER_SINGLE_CITY_ADJUST_TOURISM', 'AKANE_CITY_HAS_BROADCAST_CENTER'),

('AKANE_CITY_ATTACH_GENERAL_FROM_ENCAMPMENT', 'MODIFIER_PLAYER_CITIES_ATTACH_MODIFIER', 'AKANE_CITY_HAS_ENCAMPMENT_AND_LALALAI'),
('AKANE_CITY_GENERAL_FROM_ENCAMPMENT', 'MODIFIER_SINGLE_CITY_DISTRICTS_ADJUST_GREAT_PERSON_POINTS', 'AKANE_DISTRICT_IS_ENCAMPMENT_AND_ADJ_LALALAI'),
('AKANE_CITY_ATTACH_SCIENTIST_FROM_CAMPUS', 'MODIFIER_PLAYER_CITIES_ATTACH_MODIFIER', 'AKANE_CITY_HAS_CAMPUS_AND_LALALAI'),
('AKANE_CITY_SCIENTIST_FROM_CAMPUS', 'MODIFIER_SINGLE_CITY_DISTRICTS_ADJUST_GREAT_PERSON_POINTS', 'AKANE_DISTRICT_IS_CAMPUS_AND_ADJ_LALALAI'),
('AKANE_CITY_ATTACH_SCIENTIST_FROM_LIBRARY', 'MODIFIER_PLAYER_CITIES_ATTACH_MODIFIER', 'AKANE_CITY_HAS_LIBRARY_AND_CAMPUS_AND_LALALAI'),
('AKANE_CITY_SCIENTIST_FROM_LIBRARY', 'MODIFIER_SINGLE_CITY_DISTRICTS_ADJUST_GREAT_PERSON_POINTS', 'AKANE_DISTRICT_IS_CAMPUS_AND_ADJ_LALALAI'),
('AKANE_CITY_ATTACH_SCIENTIST_FROM_UNIVERSITY', 'MODIFIER_PLAYER_CITIES_ATTACH_MODIFIER', 'AKANE_CITY_HAS_UNIVERSITY_AND_CAMPUS_AND_LALALAI'),
('AKANE_CITY_SCIENTIST_FROM_UNIVERSITY', 'MODIFIER_SINGLE_CITY_DISTRICTS_ADJUST_GREAT_PERSON_POINTS', 'AKANE_DISTRICT_IS_CAMPUS_AND_ADJ_LALALAI'),
('AKANE_CITY_ATTACH_SCIENTIST_FROM_RESEARCH_LAB', 'MODIFIER_PLAYER_CITIES_ATTACH_MODIFIER', 'AKANE_CITY_HAS_RESEARCH_LAB_AND_CAMPUS_AND_LALALAI'),
('AKANE_CITY_SCIENTIST_FROM_RESEARCH_LAB', 'MODIFIER_SINGLE_CITY_DISTRICTS_ADJUST_GREAT_PERSON_POINTS', 'AKANE_DISTRICT_IS_CAMPUS_AND_ADJ_LALALAI'),
('AKANE_CITY_ATTACH_MERCHANT_FROM_COMMERCIAL', 'MODIFIER_PLAYER_CITIES_ATTACH_MODIFIER', 'AKANE_CITY_HAS_COMMERCIAL_HUB_AND_LALALAI'),
('AKANE_CITY_MERCHANT_FROM_COMMERCIAL', 'MODIFIER_SINGLE_CITY_DISTRICTS_ADJUST_GREAT_PERSON_POINTS', 'AKANE_DISTRICT_IS_COMMERCIAL_HUB_AND_ADJ_LALALAI'),
('AKANE_CITY_ATTACH_MERCHANT_FROM_MARKET', 'MODIFIER_PLAYER_CITIES_ATTACH_MODIFIER', 'AKANE_CITY_HAS_MARKET_AND_COMMERCIAL_HUB_AND_LALALAI'),
('AKANE_CITY_MERCHANT_FROM_MARKET', 'MODIFIER_SINGLE_CITY_DISTRICTS_ADJUST_GREAT_PERSON_POINTS', 'AKANE_DISTRICT_IS_COMMERCIAL_HUB_AND_ADJ_LALALAI'),
('AKANE_CITY_ATTACH_MERCHANT_FROM_BANK', 'MODIFIER_PLAYER_CITIES_ATTACH_MODIFIER', 'AKANE_CITY_HAS_BANK_AND_COMMERCIAL_HUB_AND_LALALAI'),
('AKANE_CITY_MERCHANT_FROM_BANK', 'MODIFIER_SINGLE_CITY_DISTRICTS_ADJUST_GREAT_PERSON_POINTS', 'AKANE_DISTRICT_IS_COMMERCIAL_HUB_AND_ADJ_LALALAI'),
('AKANE_CITY_ATTACH_MERCHANT_FROM_STOCK_EXCHANGE', 'MODIFIER_PLAYER_CITIES_ATTACH_MODIFIER', 'AKANE_CITY_HAS_STOCK_EXCHANGE_AND_COMMERCIAL_HUB_AND_LALALAI'),
('AKANE_CITY_MERCHANT_FROM_STOCK_EXCHANGE', 'MODIFIER_SINGLE_CITY_DISTRICTS_ADJUST_GREAT_PERSON_POINTS', 'AKANE_DISTRICT_IS_COMMERCIAL_HUB_AND_ADJ_LALALAI'),
('AKANE_CITY_ATTACH_ADMIRAL_FROM_HARBOR', 'MODIFIER_PLAYER_CITIES_ATTACH_MODIFIER', 'AKANE_CITY_HAS_HARBOR_AND_LALALAI'),
('AKANE_CITY_ADMIRAL_FROM_HARBOR', 'MODIFIER_SINGLE_CITY_DISTRICTS_ADJUST_GREAT_PERSON_POINTS', 'AKANE_DISTRICT_IS_HARBOR_AND_ADJ_LALALAI'),
('AKANE_CITY_ATTACH_ADMIRAL_FROM_LIGHTHOUSE', 'MODIFIER_PLAYER_CITIES_ATTACH_MODIFIER', 'AKANE_CITY_HAS_LIGHTHOUSE_AND_HARBOR_AND_LALALAI'),
('AKANE_CITY_ADMIRAL_FROM_LIGHTHOUSE', 'MODIFIER_SINGLE_CITY_DISTRICTS_ADJUST_GREAT_PERSON_POINTS', 'AKANE_DISTRICT_IS_HARBOR_AND_ADJ_LALALAI'),
('AKANE_CITY_ATTACH_ADMIRAL_FROM_SHIPYARD', 'MODIFIER_PLAYER_CITIES_ATTACH_MODIFIER', 'AKANE_CITY_HAS_SHIPYARD_AND_HARBOR_AND_LALALAI'),
('AKANE_CITY_ADMIRAL_FROM_SHIPYARD', 'MODIFIER_SINGLE_CITY_DISTRICTS_ADJUST_GREAT_PERSON_POINTS', 'AKANE_DISTRICT_IS_HARBOR_AND_ADJ_LALALAI'),
('AKANE_CITY_ATTACH_ADMIRAL_FROM_SEAPORT', 'MODIFIER_PLAYER_CITIES_ATTACH_MODIFIER', 'AKANE_CITY_HAS_SEAPORT_AND_HARBOR_AND_LALALAI'),
('AKANE_CITY_ADMIRAL_FROM_SEAPORT', 'MODIFIER_SINGLE_CITY_DISTRICTS_ADJUST_GREAT_PERSON_POINTS', 'AKANE_DISTRICT_IS_HARBOR_AND_ADJ_LALALAI'),
('AKANE_CITY_ATTACH_PROPHET_FROM_HOLY_SITE', 'MODIFIER_PLAYER_CITIES_ATTACH_MODIFIER', 'AKANE_CITY_HAS_HOLY_SITE_AND_LALALAI'),
('AKANE_CITY_PROPHET_FROM_HOLY_SITE', 'MODIFIER_SINGLE_CITY_DISTRICTS_ADJUST_GREAT_PERSON_POINTS', 'AKANE_DISTRICT_IS_HOLY_SITE_AND_ADJ_LALALAI'),
('AKANE_CITY_ATTACH_PROPHET_FROM_SHRINE', 'MODIFIER_PLAYER_CITIES_ATTACH_MODIFIER', 'AKANE_CITY_HAS_SHRINE_AND_HOLY_SITE_AND_LALALAI'),
('AKANE_CITY_PROPHET_FROM_SHRINE', 'MODIFIER_SINGLE_CITY_DISTRICTS_ADJUST_GREAT_PERSON_POINTS', 'AKANE_DISTRICT_IS_HOLY_SITE_AND_ADJ_LALALAI'),
('AKANE_CITY_ATTACH_PROPHET_FROM_TEMPLE', 'MODIFIER_PLAYER_CITIES_ATTACH_MODIFIER', 'AKANE_CITY_HAS_TEMPLE_AND_HOLY_SITE_AND_LALALAI'),
('AKANE_CITY_PROPHET_FROM_TEMPLE', 'MODIFIER_SINGLE_CITY_DISTRICTS_ADJUST_GREAT_PERSON_POINTS', 'AKANE_DISTRICT_IS_HOLY_SITE_AND_ADJ_LALALAI'),
('AKANE_CITY_ATTACH_GENERAL_FROM_BARRACKS', 'MODIFIER_PLAYER_CITIES_ATTACH_MODIFIER', 'AKANE_CITY_HAS_BARRACKS_AND_ENCAMPMENT_AND_LALALAI'),
('AKANE_CITY_GENERAL_FROM_BARRACKS', 'MODIFIER_SINGLE_CITY_DISTRICTS_ADJUST_GREAT_PERSON_POINTS', 'AKANE_DISTRICT_IS_ENCAMPMENT_AND_ADJ_LALALAI'),
('AKANE_CITY_ATTACH_GENERAL_FROM_STABLE', 'MODIFIER_PLAYER_CITIES_ATTACH_MODIFIER', 'AKANE_CITY_HAS_STABLE_AND_ENCAMPMENT_AND_LALALAI'),
('AKANE_CITY_GENERAL_FROM_STABLE', 'MODIFIER_SINGLE_CITY_DISTRICTS_ADJUST_GREAT_PERSON_POINTS', 'AKANE_DISTRICT_IS_ENCAMPMENT_AND_ADJ_LALALAI'),
('AKANE_CITY_ATTACH_GENERAL_FROM_ARMORY', 'MODIFIER_PLAYER_CITIES_ATTACH_MODIFIER', 'AKANE_CITY_HAS_ARMORY_AND_ENCAMPMENT_AND_LALALAI'),
('AKANE_CITY_GENERAL_FROM_ARMORY', 'MODIFIER_SINGLE_CITY_DISTRICTS_ADJUST_GREAT_PERSON_POINTS', 'AKANE_DISTRICT_IS_ENCAMPMENT_AND_ADJ_LALALAI'),
('AKANE_CITY_ATTACH_GENERAL_FROM_MILITARY_ACADEMY', 'MODIFIER_PLAYER_CITIES_ATTACH_MODIFIER', 'AKANE_CITY_HAS_MILITARY_ACADEMY_AND_ENCAMPMENT_AND_LALALAI'),
('AKANE_CITY_GENERAL_FROM_MILITARY_ACADEMY', 'MODIFIER_SINGLE_CITY_DISTRICTS_ADJUST_GREAT_PERSON_POINTS', 'AKANE_DISTRICT_IS_ENCAMPMENT_AND_ADJ_LALALAI');

INSERT INTO ModifierArguments (ModifierId, Name, Value) VALUES
('AKANE_BUILDING_LIBRARY_FROM_LALALAI', 'BuildingType', 'BUILDING_LIBRARY'),
('AKANE_BUILDING_LIBRARY_FROM_LALALAI', 'YieldType', 'YIELD_SCIENCE'),
('AKANE_BUILDING_LIBRARY_FROM_LALALAI', 'Amount', '50'),
('AKANE_BUILDING_UNIVERSITY_FROM_LALALAI', 'BuildingType', 'BUILDING_UNIVERSITY'),
('AKANE_BUILDING_UNIVERSITY_FROM_LALALAI', 'YieldType', 'YIELD_SCIENCE'),
('AKANE_BUILDING_UNIVERSITY_FROM_LALALAI', 'Amount', '50'),
('AKANE_BUILDING_RESEARCH_LAB_FROM_LALALAI', 'BuildingType', 'BUILDING_RESEARCH_LAB'),
('AKANE_BUILDING_RESEARCH_LAB_FROM_LALALAI', 'YieldType', 'YIELD_SCIENCE'),
('AKANE_BUILDING_RESEARCH_LAB_FROM_LALALAI', 'Amount', '50'),
('AKANE_BUILDING_MARKET_FROM_LALALAI', 'BuildingType', 'BUILDING_MARKET'),
('AKANE_BUILDING_MARKET_FROM_LALALAI', 'YieldType', 'YIELD_GOLD'),
('AKANE_BUILDING_MARKET_FROM_LALALAI', 'Amount', '50'),
('AKANE_BUILDING_BANK_FROM_LALALAI', 'BuildingType', 'BUILDING_BANK'),
('AKANE_BUILDING_BANK_FROM_LALALAI', 'YieldType', 'YIELD_GOLD'),
('AKANE_BUILDING_BANK_FROM_LALALAI', 'Amount', '50'),
('AKANE_BUILDING_STOCK_EXCHANGE_FROM_LALALAI', 'BuildingType', 'BUILDING_STOCK_EXCHANGE'),
('AKANE_BUILDING_STOCK_EXCHANGE_FROM_LALALAI', 'YieldType', 'YIELD_GOLD'),
('AKANE_BUILDING_STOCK_EXCHANGE_FROM_LALALAI', 'Amount', '50'),
('AKANE_BUILDING_LIGHTHOUSE_GOLD_FROM_LALALAI', 'BuildingType', 'BUILDING_LIGHTHOUSE'),
('AKANE_BUILDING_LIGHTHOUSE_GOLD_FROM_LALALAI', 'YieldType', 'YIELD_GOLD'),
('AKANE_BUILDING_LIGHTHOUSE_GOLD_FROM_LALALAI', 'Amount', '50'),
('AKANE_BUILDING_LIGHTHOUSE_FOOD_FROM_LALALAI', 'BuildingType', 'BUILDING_LIGHTHOUSE'),
('AKANE_BUILDING_LIGHTHOUSE_FOOD_FROM_LALALAI', 'YieldType', 'YIELD_FOOD'),
('AKANE_BUILDING_LIGHTHOUSE_FOOD_FROM_LALALAI', 'Amount', '50'),
('AKANE_BUILDING_SHIPYARD_FROM_LALALAI', 'BuildingType', 'BUILDING_SHIPYARD'),
('AKANE_BUILDING_SHIPYARD_FROM_LALALAI', 'YieldType', 'YIELD_PRODUCTION'),
('AKANE_BUILDING_SHIPYARD_FROM_LALALAI', 'Amount', '50'),
('AKANE_BUILDING_SEAPORT_GOLD_FROM_LALALAI', 'BuildingType', 'BUILDING_SEAPORT'),
('AKANE_BUILDING_SEAPORT_GOLD_FROM_LALALAI', 'YieldType', 'YIELD_GOLD'),
('AKANE_BUILDING_SEAPORT_GOLD_FROM_LALALAI', 'Amount', '50'),
('AKANE_BUILDING_SEAPORT_FOOD_FROM_LALALAI', 'BuildingType', 'BUILDING_SEAPORT'),
('AKANE_BUILDING_SEAPORT_FOOD_FROM_LALALAI', 'YieldType', 'YIELD_FOOD'),
('AKANE_BUILDING_SEAPORT_FOOD_FROM_LALALAI', 'Amount', '50'),
('AKANE_BUILDING_BARRACKS_FROM_LALALAI', 'BuildingType', 'BUILDING_BARRACKS'),
('AKANE_BUILDING_BARRACKS_FROM_LALALAI', 'YieldType', 'YIELD_PRODUCTION'),
('AKANE_BUILDING_BARRACKS_FROM_LALALAI', 'Amount', '50'),
('AKANE_BUILDING_STABLE_FROM_LALALAI', 'BuildingType', 'BUILDING_STABLE'),
('AKANE_BUILDING_STABLE_FROM_LALALAI', 'YieldType', 'YIELD_PRODUCTION'),
('AKANE_BUILDING_STABLE_FROM_LALALAI', 'Amount', '50'),
('AKANE_BUILDING_ARMORY_FROM_LALALAI', 'BuildingType', 'BUILDING_ARMORY'),
('AKANE_BUILDING_ARMORY_FROM_LALALAI', 'YieldType', 'YIELD_PRODUCTION'),
('AKANE_BUILDING_ARMORY_FROM_LALALAI', 'Amount', '50'),
('AKANE_BUILDING_MILITARY_ACADEMY_FROM_LALALAI', 'BuildingType', 'BUILDING_MILITARY_ACADEMY'),
('AKANE_BUILDING_MILITARY_ACADEMY_FROM_LALALAI', 'YieldType', 'YIELD_PRODUCTION'),
('AKANE_BUILDING_MILITARY_ACADEMY_FROM_LALALAI', 'Amount', '50'),
('AKANE_BUILDING_WORKSHOP_FROM_LALALAI', 'BuildingType', 'BUILDING_WORKSHOP'),
('AKANE_BUILDING_WORKSHOP_FROM_LALALAI', 'YieldType', 'YIELD_PRODUCTION'),
('AKANE_BUILDING_WORKSHOP_FROM_LALALAI', 'Amount', '50'),
('AKANE_BUILDING_FACTORY_FROM_LALALAI', 'BuildingType', 'BUILDING_FACTORY'),
('AKANE_BUILDING_FACTORY_FROM_LALALAI', 'YieldType', 'YIELD_PRODUCTION'),
('AKANE_BUILDING_FACTORY_FROM_LALALAI', 'Amount', '50'),
('AKANE_BUILDING_ELECTRONICS_FACTORY_FROM_LALALAI', 'BuildingType', 'BUILDING_ELECTRONICS_FACTORY'),
('AKANE_BUILDING_ELECTRONICS_FACTORY_FROM_LALALAI', 'YieldType', 'YIELD_PRODUCTION'),
('AKANE_BUILDING_ELECTRONICS_FACTORY_FROM_LALALAI', 'Amount', '50'),
('AKANE_BUILDING_POWER_PLANT_FROM_LALALAI', 'BuildingType', 'BUILDING_POWER_PLANT'),
('AKANE_BUILDING_POWER_PLANT_FROM_LALALAI', 'YieldType', 'YIELD_PRODUCTION'),
('AKANE_BUILDING_POWER_PLANT_FROM_LALALAI', 'Amount', '50'),
('AKANE_BUILDING_SHRINE_FROM_LALALAI', 'BuildingType', 'BUILDING_SHRINE'),
('AKANE_BUILDING_SHRINE_FROM_LALALAI', 'YieldType', 'YIELD_FAITH'),
('AKANE_BUILDING_SHRINE_FROM_LALALAI', 'Amount', '50'),
('AKANE_BUILDING_TEMPLE_FROM_LALALAI', 'BuildingType', 'BUILDING_TEMPLE'),
('AKANE_BUILDING_TEMPLE_FROM_LALALAI', 'YieldType', 'YIELD_FAITH'),
('AKANE_BUILDING_TEMPLE_FROM_LALALAI', 'Amount', '50'),
('AKANE_LALALAI_DISTRICT_BASE_CULTURE', 'YieldType', 'YIELD_CULTURE'),
('AKANE_LALALAI_DISTRICT_BASE_CULTURE', 'Amount', '1'),
('AKANE_CITY_STAGE_LEGACY_CULTURE', 'YieldType', 'YIELD_CULTURE'),
('AKANE_CITY_STAGE_LEGACY_CULTURE', 'Amount', '1'),
('AKANE_CITY_STAGE_AMPHITHEATER_CULTURE', 'YieldType', 'YIELD_CULTURE'),
('AKANE_CITY_STAGE_AMPHITHEATER_CULTURE', 'Amount', '1'),
('AKANE_CITY_STAGE_ART_MUSEUM_CULTURE', 'YieldType', 'YIELD_CULTURE'),
('AKANE_CITY_STAGE_ART_MUSEUM_CULTURE', 'Amount', '1'),
('AKANE_CITY_STAGE_ARCHAEOLOGICAL_MUSEUM_CULTURE', 'YieldType', 'YIELD_CULTURE'),
('AKANE_CITY_STAGE_ARCHAEOLOGICAL_MUSEUM_CULTURE', 'Amount', '1'),
('AKANE_CITY_STAGE_BROADCAST_CENTER_CULTURE', 'YieldType', 'YIELD_CULTURE'),
('AKANE_CITY_STAGE_BROADCAST_CENTER_CULTURE', 'Amount', '1'),
('AKANE_CITY_STAGE_AMPHITHEATER_TOURISM', 'GreatWorkObjectType', 'GREATWORKOBJECT_WRITING'),
('AKANE_CITY_STAGE_AMPHITHEATER_TOURISM', 'ScalingFactor', '120'),
('AKANE_CITY_STAGE_ART_MUSEUM_LANDSCAPE_TOURISM', 'GreatWorkObjectType', 'GREATWORKOBJECT_LANDSCAPE'),
('AKANE_CITY_STAGE_ART_MUSEUM_LANDSCAPE_TOURISM', 'ScalingFactor', '120'),
('AKANE_CITY_STAGE_ART_MUSEUM_PORTRAIT_TOURISM', 'GreatWorkObjectType', 'GREATWORKOBJECT_PORTRAIT'),
('AKANE_CITY_STAGE_ART_MUSEUM_PORTRAIT_TOURISM', 'ScalingFactor', '120'),
('AKANE_CITY_STAGE_ART_MUSEUM_RELIGIOUS_TOURISM', 'GreatWorkObjectType', 'GREATWORKOBJECT_RELIGIOUS'),
('AKANE_CITY_STAGE_ART_MUSEUM_RELIGIOUS_TOURISM', 'ScalingFactor', '120'),
('AKANE_CITY_STAGE_ART_MUSEUM_SCULPTURE_TOURISM', 'GreatWorkObjectType', 'GREATWORKOBJECT_SCULPTURE'),
('AKANE_CITY_STAGE_ART_MUSEUM_SCULPTURE_TOURISM', 'ScalingFactor', '120'),
('AKANE_CITY_STAGE_ARCHAEOLOGICAL_MUSEUM_TOURISM', 'GreatWorkObjectType', 'GREATWORKOBJECT_ARTIFACT'),
('AKANE_CITY_STAGE_ARCHAEOLOGICAL_MUSEUM_TOURISM', 'ScalingFactor', '120'),
('AKANE_CITY_STAGE_BROADCAST_CENTER_TOURISM', 'GreatWorkObjectType', 'GREATWORKOBJECT_MUSIC'),
('AKANE_CITY_STAGE_BROADCAST_CENTER_TOURISM', 'ScalingFactor', '120'),
('AKANE_ART_PROSPERITY_FOOD', 'YieldType', 'YIELD_FOOD'),
('AKANE_ART_PROSPERITY_FOOD', 'Amount', '8'),
('AKANE_ART_PROSPERITY_PRODUCTION', 'YieldType', 'YIELD_PRODUCTION'),
('AKANE_ART_PROSPERITY_PRODUCTION', 'Amount', '8'),
('AKANE_ART_PROSPERITY_GOLD', 'YieldType', 'YIELD_GOLD'),
('AKANE_ART_PROSPERITY_GOLD', 'Amount', '8'),
('AKANE_ART_PROSPERITY_SCIENCE', 'YieldType', 'YIELD_SCIENCE'),
('AKANE_ART_PROSPERITY_SCIENCE', 'Amount', '8'),
('AKANE_ART_PROSPERITY_CULTURE', 'YieldType', 'YIELD_CULTURE'),
('AKANE_ART_PROSPERITY_CULTURE', 'Amount', '8'),
('AKANE_ART_PROSPERITY_FAITH', 'YieldType', 'YIELD_FAITH'),
('AKANE_ART_PROSPERITY_FAITH', 'Amount', '8'),
('AKANE_ART_PROSPERITY_FOOD_NEGATIVE', 'YieldType', 'YIELD_FOOD'),
('AKANE_ART_PROSPERITY_FOOD_NEGATIVE', 'Amount', '-8'),
('AKANE_ART_PROSPERITY_PRODUCTION_NEGATIVE', 'YieldType', 'YIELD_PRODUCTION'),
('AKANE_ART_PROSPERITY_PRODUCTION_NEGATIVE', 'Amount', '-8'),
('AKANE_ART_PROSPERITY_GOLD_NEGATIVE', 'YieldType', 'YIELD_GOLD'),
('AKANE_ART_PROSPERITY_GOLD_NEGATIVE', 'Amount', '-8'),
('AKANE_ART_PROSPERITY_SCIENCE_NEGATIVE', 'YieldType', 'YIELD_SCIENCE'),
('AKANE_ART_PROSPERITY_SCIENCE_NEGATIVE', 'Amount', '-8'),
('AKANE_ART_PROSPERITY_CULTURE_NEGATIVE', 'YieldType', 'YIELD_CULTURE'),
('AKANE_ART_PROSPERITY_CULTURE_NEGATIVE', 'Amount', '-8'),
('AKANE_ART_PROSPERITY_FAITH_NEGATIVE', 'YieldType', 'YIELD_FAITH'),
('AKANE_ART_PROSPERITY_FAITH_NEGATIVE', 'Amount', '-8'),

('AKANE_MODE_AI_FAITH_FLAT', 'YieldType', 'YIELD_FAITH'),
('AKANE_MODE_AI_FAITH_FLAT', 'Amount', '1'),
('AKANE_MODE_AI_PROPHET_POINTS', 'GreatPersonClassType', 'GREAT_PERSON_CLASS_PROPHET'),
('AKANE_MODE_AI_PROPHET_POINTS', 'Amount', '1'),
('AKANE_MODE_AI_PROPHET_POINTS_PER_HOLY_SITE', 'GreatPersonClassType', 'GREAT_PERSON_CLASS_PROPHET'),
('AKANE_MODE_AI_PROPHET_POINTS_PER_HOLY_SITE', 'Amount', '1'),
('AKANE_MODE_AI_FAITH_PERCENT', 'YieldType', 'YIELD_FAITH'),
('AKANE_MODE_AI_FAITH_PERCENT', 'Amount', '30'),
('AKANE_MODE_AI_RELIGIOUS_STRENGTH', 'ModifierId', 'AKANE_MODE_AI_RELIGIOUS_STRENGTH_MODIFIER'),
('AKANE_MODE_AI_RELIGIOUS_STRENGTH_MODIFIER', 'Amount', '10'),
('AKANE_MODE_SWITCH_BUFF_FOOD', 'YieldType', 'YIELD_FOOD'),
('AKANE_MODE_SWITCH_BUFF_FOOD', 'Amount', '16'),
('AKANE_MODE_SWITCH_BUFF_PRODUCTION', 'YieldType', 'YIELD_PRODUCTION'),
('AKANE_MODE_SWITCH_BUFF_PRODUCTION', 'Amount', '16'),
('AKANE_MODE_SWITCH_BUFF_GOLD', 'YieldType', 'YIELD_GOLD'),
('AKANE_MODE_SWITCH_BUFF_GOLD', 'Amount', '16'),
('AKANE_MODE_SWITCH_BUFF_SCIENCE', 'YieldType', 'YIELD_SCIENCE'),
('AKANE_MODE_SWITCH_BUFF_SCIENCE', 'Amount', '16'),
('AKANE_MODE_SWITCH_BUFF_CULTURE', 'YieldType', 'YIELD_CULTURE'),
('AKANE_MODE_SWITCH_BUFF_CULTURE', 'Amount', '16'),
('AKANE_MODE_SWITCH_BUFF_FAITH', 'YieldType', 'YIELD_FAITH'),
('AKANE_MODE_SWITCH_BUFF_FAITH', 'Amount', '16'),
('AKANE_MODE_ACTOR_CULTURE_FLAT', 'YieldType', 'YIELD_CULTURE'),
('AKANE_MODE_ACTOR_CULTURE_FLAT', 'Amount', '1'),
('AKANE_MODE_ACTOR_ARTIST_POINTS', 'GreatPersonClassType', 'GREAT_PERSON_CLASS_ARTIST'),
('AKANE_MODE_ACTOR_ARTIST_POINTS', 'Amount', '1'),
('AKANE_MODE_ACTOR_ARTIST_POINTS_FLAT', 'GreatPersonClassType', 'GREAT_PERSON_CLASS_ARTIST'),
('AKANE_MODE_ACTOR_ARTIST_POINTS_FLAT', 'Amount', '1'),
('AKANE_MODE_ACTOR_WRITER_POINTS', 'GreatPersonClassType', 'GREAT_PERSON_CLASS_WRITER'),
('AKANE_MODE_ACTOR_WRITER_POINTS', 'Amount', '1'),
('AKANE_MODE_ACTOR_WRITER_POINTS_FLAT', 'GreatPersonClassType', 'GREAT_PERSON_CLASS_WRITER'),
('AKANE_MODE_ACTOR_WRITER_POINTS_FLAT', 'Amount', '1'),
('AKANE_MODE_ACTOR_MUSICIAN_POINTS', 'GreatPersonClassType', 'GREAT_PERSON_CLASS_MUSICIAN'),
('AKANE_MODE_ACTOR_MUSICIAN_POINTS', 'Amount', '1'),
('AKANE_MODE_ACTOR_MUSICIAN_POINTS_FLAT', 'GreatPersonClassType', 'GREAT_PERSON_CLASS_MUSICIAN'),
('AKANE_MODE_ACTOR_MUSICIAN_POINTS_FLAT', 'Amount', '1'),
('AKANE_MODE_ACTOR_CULTURE_PERCENT', 'YieldType', 'YIELD_CULTURE'),
('AKANE_MODE_ACTOR_CULTURE_PERCENT', 'Amount', '20'),
('AKANE_MODE_ACTOR_TOURISM_PERCENT', 'Amount', '30'),
('AKANE_MODE_WARRIOR_COMBAT', 'Amount', '5'),
('AKANE_MODE_WARRIOR_MOVEMENT', 'Amount', '1'),
('AKANE_MODE_WARRIOR_PRODUCTION_FLAT', 'YieldType', 'YIELD_PRODUCTION'),
('AKANE_MODE_WARRIOR_PRODUCTION_FLAT', 'Amount', '1'),
('AKANE_MODE_WARRIOR_GENERAL_POINTS', 'GreatPersonClassType', 'GREAT_PERSON_CLASS_GENERAL'),
('AKANE_MODE_WARRIOR_GENERAL_POINTS', 'Amount', '1'),
('AKANE_MODE_WARRIOR_GENERAL_POINTS_PER_ENCAMPMENT', 'GreatPersonClassType', 'GREAT_PERSON_CLASS_GENERAL'),
('AKANE_MODE_WARRIOR_GENERAL_POINTS_PER_ENCAMPMENT', 'Amount', '1'),
('AKANE_MODE_WARRIOR_ENCAMPMENT_PRODUCTION', 'YieldType', 'YIELD_PRODUCTION'),
('AKANE_MODE_WARRIOR_ENCAMPMENT_PRODUCTION', 'Amount', '1'),
('AKANE_MODE_SWITCH_BUFF_FOOD_NEGATIVE', 'YieldType', 'YIELD_FOOD'),
('AKANE_MODE_SWITCH_BUFF_FOOD_NEGATIVE', 'Amount', '-16'),
('AKANE_MODE_SWITCH_BUFF_PRODUCTION_NEGATIVE', 'YieldType', 'YIELD_PRODUCTION'),
('AKANE_MODE_SWITCH_BUFF_PRODUCTION_NEGATIVE', 'Amount', '-16'),
('AKANE_MODE_SWITCH_BUFF_GOLD_NEGATIVE', 'YieldType', 'YIELD_GOLD'),
('AKANE_MODE_SWITCH_BUFF_GOLD_NEGATIVE', 'Amount', '-16'),
('AKANE_MODE_SWITCH_BUFF_SCIENCE_NEGATIVE', 'YieldType', 'YIELD_SCIENCE'),
('AKANE_MODE_SWITCH_BUFF_SCIENCE_NEGATIVE', 'Amount', '-16'),
('AKANE_MODE_SWITCH_BUFF_CULTURE_NEGATIVE', 'YieldType', 'YIELD_CULTURE'),
('AKANE_MODE_SWITCH_BUFF_CULTURE_NEGATIVE', 'Amount', '-16'),
('AKANE_MODE_SWITCH_BUFF_FAITH_NEGATIVE', 'YieldType', 'YIELD_FAITH'),
('AKANE_MODE_SWITCH_BUFF_FAITH_NEGATIVE', 'Amount', '-16'),
('AKANE_MODE_AI_FAITH_FLAT_NEGATIVE', 'YieldType', 'YIELD_FAITH'),
('AKANE_MODE_AI_FAITH_FLAT_NEGATIVE', 'Amount', '-1'),
('AKANE_MODE_AI_PROPHET_POINTS_NEGATIVE', 'GreatPersonClassType', 'GREAT_PERSON_CLASS_PROPHET'),
('AKANE_MODE_AI_PROPHET_POINTS_NEGATIVE', 'Amount', '-1'),
('AKANE_MODE_AI_PROPHET_POINTS_PER_HOLY_SITE_NEGATIVE', 'GreatPersonClassType', 'GREAT_PERSON_CLASS_PROPHET'),
('AKANE_MODE_AI_PROPHET_POINTS_PER_HOLY_SITE_NEGATIVE', 'Amount', '-1'),
('AKANE_MODE_AI_FAITH_PERCENT_NEGATIVE', 'YieldType', 'YIELD_FAITH'),
('AKANE_MODE_AI_FAITH_PERCENT_NEGATIVE', 'Amount', '-30'),
('AKANE_MODE_AI_RELIGIOUS_STRENGTH_NEGATIVE', 'ModifierId', 'AKANE_MODE_AI_RELIGIOUS_STRENGTH_NEGATIVE_MODIFIER'),
('AKANE_MODE_AI_RELIGIOUS_STRENGTH_NEGATIVE_MODIFIER', 'Amount', '-10'),
('AKANE_MODE_ACTOR_CULTURE_FLAT_NEGATIVE', 'YieldType', 'YIELD_CULTURE'),
('AKANE_MODE_ACTOR_CULTURE_FLAT_NEGATIVE', 'Amount', '-1'),
('AKANE_MODE_ACTOR_ARTIST_POINTS_NEGATIVE', 'GreatPersonClassType', 'GREAT_PERSON_CLASS_ARTIST'),
('AKANE_MODE_ACTOR_ARTIST_POINTS_NEGATIVE', 'Amount', '-1'),
('AKANE_MODE_ACTOR_ARTIST_POINTS_FLAT_NEGATIVE', 'GreatPersonClassType', 'GREAT_PERSON_CLASS_ARTIST'),
('AKANE_MODE_ACTOR_ARTIST_POINTS_FLAT_NEGATIVE', 'Amount', '-1'),
('AKANE_MODE_ACTOR_WRITER_POINTS_NEGATIVE', 'GreatPersonClassType', 'GREAT_PERSON_CLASS_WRITER'),
('AKANE_MODE_ACTOR_WRITER_POINTS_NEGATIVE', 'Amount', '-1'),
('AKANE_MODE_ACTOR_WRITER_POINTS_FLAT_NEGATIVE', 'GreatPersonClassType', 'GREAT_PERSON_CLASS_WRITER'),
('AKANE_MODE_ACTOR_WRITER_POINTS_FLAT_NEGATIVE', 'Amount', '-1'),
('AKANE_MODE_ACTOR_MUSICIAN_POINTS_NEGATIVE', 'GreatPersonClassType', 'GREAT_PERSON_CLASS_MUSICIAN'),
('AKANE_MODE_ACTOR_MUSICIAN_POINTS_NEGATIVE', 'Amount', '-1'),
('AKANE_MODE_ACTOR_MUSICIAN_POINTS_FLAT_NEGATIVE', 'GreatPersonClassType', 'GREAT_PERSON_CLASS_MUSICIAN'),
('AKANE_MODE_ACTOR_MUSICIAN_POINTS_FLAT_NEGATIVE', 'Amount', '-1'),
('AKANE_MODE_ACTOR_CULTURE_PERCENT_NEGATIVE', 'YieldType', 'YIELD_CULTURE'),
('AKANE_MODE_ACTOR_CULTURE_PERCENT_NEGATIVE', 'Amount', '-20'),
('AKANE_MODE_ACTOR_TOURISM_PERCENT_NEGATIVE', 'Amount', '-30'),
('AKANE_MODE_WARRIOR_COMBAT_NEGATIVE', 'Amount', '-5'),
('AKANE_MODE_WARRIOR_MOVEMENT_NEGATIVE', 'Amount', '-1'),
('AKANE_MODE_WARRIOR_PRODUCTION_FLAT_NEGATIVE', 'YieldType', 'YIELD_PRODUCTION'),
('AKANE_MODE_WARRIOR_PRODUCTION_FLAT_NEGATIVE', 'Amount', '-1'),
('AKANE_MODE_WARRIOR_GENERAL_POINTS_NEGATIVE', 'GreatPersonClassType', 'GREAT_PERSON_CLASS_GENERAL'),
('AKANE_MODE_WARRIOR_GENERAL_POINTS_NEGATIVE', 'Amount', '-1'),
('AKANE_MODE_WARRIOR_GENERAL_POINTS_PER_ENCAMPMENT_NEGATIVE', 'GreatPersonClassType', 'GREAT_PERSON_CLASS_GENERAL'),
('AKANE_MODE_WARRIOR_GENERAL_POINTS_PER_ENCAMPMENT_NEGATIVE', 'Amount', '-1'),
('AKANE_MODE_WARRIOR_ENCAMPMENT_PRODUCTION_NEGATIVE', 'YieldType', 'YIELD_PRODUCTION'),
('AKANE_MODE_WARRIOR_ENCAMPMENT_PRODUCTION_NEGATIVE', 'Amount', '-1'),

('AKANE_LEADER_REASONING_CULTURE_FLAT', 'YieldType', 'YIELD_CULTURE'),
('AKANE_LEADER_REASONING_CULTURE_FLAT', 'Amount', '1'),
('AKANE_LEADER_REASONING_SCIENCE_PERCENT', 'YieldType', 'YIELD_SCIENCE'),
('AKANE_LEADER_REASONING_SCIENCE_PERCENT', 'Amount', '10'),
('AKANE_LEADER_REASONING_SCIENCE_THEORY_PERCENT', 'YieldType', 'YIELD_SCIENCE'),
('AKANE_LEADER_REASONING_SCIENCE_THEORY_PERCENT', 'Amount', '10'),
('AKANE_CITY_STAGE_LALALAI_CULTURE_BONUS', 'YieldType', 'YIELD_CULTURE'),
('AKANE_CITY_STAGE_LALALAI_CULTURE_BONUS', 'Amount', '0.5'),
('AKANE_CITY_STAGE_LALALAI_GOLD_BONUS', 'YieldType', 'YIELD_GOLD'),
('AKANE_CITY_STAGE_LALALAI_GOLD_BONUS', 'Amount', '0.5'),
('AKANE_CITY_STAGE_CAMPUS_DOUBLE_ADJACENCY', 'YieldType', 'YIELD_SCIENCE'),
('AKANE_CITY_STAGE_CAMPUS_DOUBLE_ADJACENCY', 'Amount', '0.5'),
('AKANE_CITY_STAGE_COMMERCIAL_DOUBLE_ADJACENCY', 'YieldType', 'YIELD_GOLD'),
('AKANE_CITY_STAGE_COMMERCIAL_DOUBLE_ADJACENCY', 'Amount', '0.5'),
('AKANE_CITY_STAGE_HARBOR_DOUBLE_ADJACENCY', 'YieldType', 'YIELD_GOLD'),
('AKANE_CITY_STAGE_HARBOR_DOUBLE_ADJACENCY', 'Amount', '0.5'),
('AKANE_CITY_STAGE_ENTERTAINMENT_COMPLEX_DOUBLE_ADJACENCY', 'YieldType', 'YIELD_PRODUCTION'),
('AKANE_CITY_STAGE_ENTERTAINMENT_COMPLEX_DOUBLE_ADJACENCY', 'Amount', '0.5'),
('AKANE_CITY_STAGE_WATER_PARK_DOUBLE_ADJACENCY', 'YieldType', 'YIELD_PRODUCTION'),
('AKANE_CITY_STAGE_WATER_PARK_DOUBLE_ADJACENCY', 'Amount', '0.5'),
('AKANE_CITY_STAGE_ENCAMPMENT_DOUBLE_ADJACENCY', 'YieldType', 'YIELD_PRODUCTION'),
('AKANE_CITY_STAGE_ENCAMPMENT_DOUBLE_ADJACENCY', 'Amount', '0.5'),
('AKANE_CITY_STAGE_INDUSTRIAL_ZONE_DOUBLE_ADJACENCY', 'YieldType', 'YIELD_PRODUCTION'),
('AKANE_CITY_STAGE_INDUSTRIAL_ZONE_DOUBLE_ADJACENCY', 'Amount', '0.5'),
('AKANE_CITY_STAGE_HOLY_SITE_DOUBLE_ADJACENCY', 'YieldType', 'YIELD_FAITH'),
('AKANE_CITY_STAGE_HOLY_SITE_DOUBLE_ADJACENCY', 'Amount', '0.5'),
('AKANE_CITY_STAGE_LALALAI_CULTURE_BONUS_NEGATIVE', 'YieldType', 'YIELD_CULTURE'),
('AKANE_CITY_STAGE_LALALAI_CULTURE_BONUS_NEGATIVE', 'Amount', '-0.5'),
('AKANE_CITY_STAGE_LALALAI_GOLD_BONUS_NEGATIVE', 'YieldType', 'YIELD_GOLD'),
('AKANE_CITY_STAGE_LALALAI_GOLD_BONUS_NEGATIVE', 'Amount', '-0.5'),
('AKANE_CITY_STAGE_CAMPUS_DOUBLE_ADJACENCY_NEGATIVE', 'YieldType', 'YIELD_SCIENCE'),
('AKANE_CITY_STAGE_CAMPUS_DOUBLE_ADJACENCY_NEGATIVE', 'Amount', '-0.5'),
('AKANE_CITY_STAGE_COMMERCIAL_DOUBLE_ADJACENCY_NEGATIVE', 'YieldType', 'YIELD_GOLD'),
('AKANE_CITY_STAGE_COMMERCIAL_DOUBLE_ADJACENCY_NEGATIVE', 'Amount', '-0.5'),
('AKANE_CITY_STAGE_HARBOR_DOUBLE_ADJACENCY_NEGATIVE', 'YieldType', 'YIELD_GOLD'),
('AKANE_CITY_STAGE_HARBOR_DOUBLE_ADJACENCY_NEGATIVE', 'Amount', '-0.5'),
('AKANE_CITY_STAGE_ENTERTAINMENT_COMPLEX_DOUBLE_ADJACENCY_NEGATIVE', 'YieldType', 'YIELD_PRODUCTION'),
('AKANE_CITY_STAGE_ENTERTAINMENT_COMPLEX_DOUBLE_ADJACENCY_NEGATIVE', 'Amount', '-0.5'),
('AKANE_CITY_STAGE_WATER_PARK_DOUBLE_ADJACENCY_NEGATIVE', 'YieldType', 'YIELD_PRODUCTION'),
('AKANE_CITY_STAGE_WATER_PARK_DOUBLE_ADJACENCY_NEGATIVE', 'Amount', '-0.5'),
('AKANE_CITY_STAGE_ENCAMPMENT_DOUBLE_ADJACENCY_NEGATIVE', 'YieldType', 'YIELD_PRODUCTION'),
('AKANE_CITY_STAGE_ENCAMPMENT_DOUBLE_ADJACENCY_NEGATIVE', 'Amount', '-0.5'),
('AKANE_CITY_STAGE_INDUSTRIAL_ZONE_DOUBLE_ADJACENCY_NEGATIVE', 'YieldType', 'YIELD_PRODUCTION'),
('AKANE_CITY_STAGE_INDUSTRIAL_ZONE_DOUBLE_ADJACENCY_NEGATIVE', 'Amount', '-0.5'),
('AKANE_CITY_STAGE_HOLY_SITE_DOUBLE_ADJACENCY_NEGATIVE', 'YieldType', 'YIELD_FAITH'),
('AKANE_CITY_STAGE_HOLY_SITE_DOUBLE_ADJACENCY_NEGATIVE', 'Amount', '-0.5'),
('AKANE_CITY_STAGE_AMPHITHEATER_TOURISM_ALL', 'ScalingFactor', '120'),
('AKANE_CITY_STAGE_ART_MUSEUM_TOURISM_ALL', 'ScalingFactor', '120'),
('AKANE_CITY_STAGE_ARCHAEOLOGICAL_MUSEUM_TOURISM_ALL', 'ScalingFactor', '120'),
('AKANE_CITY_STAGE_BROADCAST_CENTER_TOURISM_ALL', 'ScalingFactor', '120'),

('AKANE_CITY_ATTACH_GENERAL_FROM_ENCAMPMENT', 'ModifierId', 'AKANE_CITY_GENERAL_FROM_ENCAMPMENT'),
('AKANE_CITY_GENERAL_FROM_ENCAMPMENT', 'GreatPersonClassType', 'GREAT_PERSON_CLASS_GENERAL'),
('AKANE_CITY_GENERAL_FROM_ENCAMPMENT', 'Amount', '1'),
('AKANE_CITY_ATTACH_SCIENTIST_FROM_CAMPUS', 'ModifierId', 'AKANE_CITY_SCIENTIST_FROM_CAMPUS'),
('AKANE_CITY_SCIENTIST_FROM_CAMPUS', 'GreatPersonClassType', 'GREAT_PERSON_CLASS_SCIENTIST'),
('AKANE_CITY_SCIENTIST_FROM_CAMPUS', 'Amount', '1'),
('AKANE_CITY_ATTACH_SCIENTIST_FROM_LIBRARY', 'ModifierId', 'AKANE_CITY_SCIENTIST_FROM_LIBRARY'),
('AKANE_CITY_SCIENTIST_FROM_LIBRARY', 'GreatPersonClassType', 'GREAT_PERSON_CLASS_SCIENTIST'),
('AKANE_CITY_SCIENTIST_FROM_LIBRARY', 'Amount', '1'),
('AKANE_CITY_ATTACH_SCIENTIST_FROM_UNIVERSITY', 'ModifierId', 'AKANE_CITY_SCIENTIST_FROM_UNIVERSITY'),
('AKANE_CITY_SCIENTIST_FROM_UNIVERSITY', 'GreatPersonClassType', 'GREAT_PERSON_CLASS_SCIENTIST'),
('AKANE_CITY_SCIENTIST_FROM_UNIVERSITY', 'Amount', '1'),
('AKANE_CITY_ATTACH_SCIENTIST_FROM_RESEARCH_LAB', 'ModifierId', 'AKANE_CITY_SCIENTIST_FROM_RESEARCH_LAB'),
('AKANE_CITY_SCIENTIST_FROM_RESEARCH_LAB', 'GreatPersonClassType', 'GREAT_PERSON_CLASS_SCIENTIST'),
('AKANE_CITY_SCIENTIST_FROM_RESEARCH_LAB', 'Amount', '1'),
('AKANE_CITY_ATTACH_MERCHANT_FROM_COMMERCIAL', 'ModifierId', 'AKANE_CITY_MERCHANT_FROM_COMMERCIAL'),
('AKANE_CITY_MERCHANT_FROM_COMMERCIAL', 'GreatPersonClassType', 'GREAT_PERSON_CLASS_MERCHANT'),
('AKANE_CITY_MERCHANT_FROM_COMMERCIAL', 'Amount', '1'),
('AKANE_CITY_ATTACH_MERCHANT_FROM_MARKET', 'ModifierId', 'AKANE_CITY_MERCHANT_FROM_MARKET'),
('AKANE_CITY_MERCHANT_FROM_MARKET', 'GreatPersonClassType', 'GREAT_PERSON_CLASS_MERCHANT'),
('AKANE_CITY_MERCHANT_FROM_MARKET', 'Amount', '1'),
('AKANE_CITY_ATTACH_MERCHANT_FROM_BANK', 'ModifierId', 'AKANE_CITY_MERCHANT_FROM_BANK'),
('AKANE_CITY_MERCHANT_FROM_BANK', 'GreatPersonClassType', 'GREAT_PERSON_CLASS_MERCHANT'),
('AKANE_CITY_MERCHANT_FROM_BANK', 'Amount', '1'),
('AKANE_CITY_ATTACH_MERCHANT_FROM_STOCK_EXCHANGE', 'ModifierId', 'AKANE_CITY_MERCHANT_FROM_STOCK_EXCHANGE'),
('AKANE_CITY_MERCHANT_FROM_STOCK_EXCHANGE', 'GreatPersonClassType', 'GREAT_PERSON_CLASS_MERCHANT'),
('AKANE_CITY_MERCHANT_FROM_STOCK_EXCHANGE', 'Amount', '1'),
('AKANE_CITY_ATTACH_ADMIRAL_FROM_HARBOR', 'ModifierId', 'AKANE_CITY_ADMIRAL_FROM_HARBOR'),
('AKANE_CITY_ADMIRAL_FROM_HARBOR', 'GreatPersonClassType', 'GREAT_PERSON_CLASS_ADMIRAL'),
('AKANE_CITY_ADMIRAL_FROM_HARBOR', 'Amount', '1'),
('AKANE_CITY_ATTACH_ADMIRAL_FROM_LIGHTHOUSE', 'ModifierId', 'AKANE_CITY_ADMIRAL_FROM_LIGHTHOUSE'),
('AKANE_CITY_ADMIRAL_FROM_LIGHTHOUSE', 'GreatPersonClassType', 'GREAT_PERSON_CLASS_ADMIRAL'),
('AKANE_CITY_ADMIRAL_FROM_LIGHTHOUSE', 'Amount', '1'),
('AKANE_CITY_ATTACH_ADMIRAL_FROM_SHIPYARD', 'ModifierId', 'AKANE_CITY_ADMIRAL_FROM_SHIPYARD'),
('AKANE_CITY_ADMIRAL_FROM_SHIPYARD', 'GreatPersonClassType', 'GREAT_PERSON_CLASS_ADMIRAL'),
('AKANE_CITY_ADMIRAL_FROM_SHIPYARD', 'Amount', '1'),
('AKANE_CITY_ATTACH_ADMIRAL_FROM_SEAPORT', 'ModifierId', 'AKANE_CITY_ADMIRAL_FROM_SEAPORT'),
('AKANE_CITY_ADMIRAL_FROM_SEAPORT', 'GreatPersonClassType', 'GREAT_PERSON_CLASS_ADMIRAL'),
('AKANE_CITY_ADMIRAL_FROM_SEAPORT', 'Amount', '1'),
('AKANE_CITY_ATTACH_PROPHET_FROM_HOLY_SITE', 'ModifierId', 'AKANE_CITY_PROPHET_FROM_HOLY_SITE'),
('AKANE_CITY_PROPHET_FROM_HOLY_SITE', 'GreatPersonClassType', 'GREAT_PERSON_CLASS_PROPHET'),
('AKANE_CITY_PROPHET_FROM_HOLY_SITE', 'Amount', '1'),
('AKANE_CITY_ATTACH_PROPHET_FROM_SHRINE', 'ModifierId', 'AKANE_CITY_PROPHET_FROM_SHRINE'),
('AKANE_CITY_PROPHET_FROM_SHRINE', 'GreatPersonClassType', 'GREAT_PERSON_CLASS_PROPHET'),
('AKANE_CITY_PROPHET_FROM_SHRINE', 'Amount', '1'),
('AKANE_CITY_ATTACH_PROPHET_FROM_TEMPLE', 'ModifierId', 'AKANE_CITY_PROPHET_FROM_TEMPLE'),
('AKANE_CITY_PROPHET_FROM_TEMPLE', 'GreatPersonClassType', 'GREAT_PERSON_CLASS_PROPHET'),
('AKANE_CITY_PROPHET_FROM_TEMPLE', 'Amount', '1'),
('AKANE_CITY_ATTACH_GENERAL_FROM_BARRACKS', 'ModifierId', 'AKANE_CITY_GENERAL_FROM_BARRACKS'),
('AKANE_CITY_GENERAL_FROM_BARRACKS', 'GreatPersonClassType', 'GREAT_PERSON_CLASS_GENERAL'),
('AKANE_CITY_GENERAL_FROM_BARRACKS', 'Amount', '1'),
('AKANE_CITY_ATTACH_GENERAL_FROM_STABLE', 'ModifierId', 'AKANE_CITY_GENERAL_FROM_STABLE'),
('AKANE_CITY_GENERAL_FROM_STABLE', 'GreatPersonClassType', 'GREAT_PERSON_CLASS_GENERAL'),
('AKANE_CITY_GENERAL_FROM_STABLE', 'Amount', '1'),
('AKANE_CITY_ATTACH_GENERAL_FROM_ARMORY', 'ModifierId', 'AKANE_CITY_GENERAL_FROM_ARMORY'),
('AKANE_CITY_GENERAL_FROM_ARMORY', 'GreatPersonClassType', 'GREAT_PERSON_CLASS_GENERAL'),
('AKANE_CITY_GENERAL_FROM_ARMORY', 'Amount', '1'),
('AKANE_CITY_ATTACH_GENERAL_FROM_MILITARY_ACADEMY', 'ModifierId', 'AKANE_CITY_GENERAL_FROM_MILITARY_ACADEMY'),
('AKANE_CITY_GENERAL_FROM_MILITARY_ACADEMY', 'GreatPersonClassType', 'GREAT_PERSON_CLASS_GENERAL'),
('AKANE_CITY_GENERAL_FROM_MILITARY_ACADEMY', 'Amount', '1');

UPDATE Modifiers
SET OwnerRequirementSetId = 'AKANE_PLAYER_HAS_MATHEMATICS'
WHERE ModifierId = 'AKANE_LEADER_REASONING_SCIENCE_PERCENT';

UPDATE Modifiers
SET OwnerRequirementSetId = 'AKANE_PLAYER_HAS_SCIENTIFIC_THEORY'
WHERE ModifierId = 'AKANE_LEADER_REASONING_SCIENCE_THEORY_PERCENT';

UPDATE Modifiers
SET Permanent = 1
WHERE ModifierId IN (
  'AKANE_CITY_STAGE_LEGACY_CULTURE',
  'AKANE_CITY_STAGE_LALALAI_CULTURE_BONUS',
  'AKANE_CITY_STAGE_LALALAI_GOLD_BONUS',
  'AKANE_CITY_STAGE_CAMPUS_DOUBLE_ADJACENCY',
  'AKANE_CITY_STAGE_COMMERCIAL_DOUBLE_ADJACENCY',
  'AKANE_CITY_STAGE_HARBOR_DOUBLE_ADJACENCY',
  'AKANE_CITY_STAGE_ENTERTAINMENT_COMPLEX_DOUBLE_ADJACENCY',
  'AKANE_CITY_STAGE_WATER_PARK_DOUBLE_ADJACENCY',
  'AKANE_CITY_STAGE_ENCAMPMENT_DOUBLE_ADJACENCY',
  'AKANE_CITY_STAGE_INDUSTRIAL_ZONE_DOUBLE_ADJACENCY',
  'AKANE_CITY_STAGE_HOLY_SITE_DOUBLE_ADJACENCY',
  'AKANE_CITY_STAGE_LALALAI_CULTURE_BONUS_NEGATIVE',
  'AKANE_CITY_STAGE_LALALAI_GOLD_BONUS_NEGATIVE',
  'AKANE_CITY_STAGE_CAMPUS_DOUBLE_ADJACENCY_NEGATIVE',
  'AKANE_CITY_STAGE_COMMERCIAL_DOUBLE_ADJACENCY_NEGATIVE',
  'AKANE_CITY_STAGE_HARBOR_DOUBLE_ADJACENCY_NEGATIVE',
  'AKANE_CITY_STAGE_ENTERTAINMENT_COMPLEX_DOUBLE_ADJACENCY_NEGATIVE',
  'AKANE_CITY_STAGE_WATER_PARK_DOUBLE_ADJACENCY_NEGATIVE',
  'AKANE_CITY_STAGE_ENCAMPMENT_DOUBLE_ADJACENCY_NEGATIVE',
  'AKANE_CITY_STAGE_INDUSTRIAL_ZONE_DOUBLE_ADJACENCY_NEGATIVE',
  'AKANE_CITY_STAGE_HOLY_SITE_DOUBLE_ADJACENCY_NEGATIVE',
  'AKANE_CITY_STAGE_AMPHITHEATER_CULTURE',
  'AKANE_CITY_STAGE_ART_MUSEUM_CULTURE',
  'AKANE_CITY_STAGE_ARCHAEOLOGICAL_MUSEUM_CULTURE',
  'AKANE_CITY_STAGE_BROADCAST_CENTER_CULTURE',
  'AKANE_CITY_STAGE_AMPHITHEATER_TOURISM_ALL',
  'AKANE_CITY_STAGE_ART_MUSEUM_TOURISM_ALL',
  'AKANE_CITY_STAGE_ARCHAEOLOGICAL_MUSEUM_TOURISM_ALL',
  'AKANE_CITY_STAGE_BROADCAST_CENTER_TOURISM_ALL',
  'AKANE_CITY_STAGE_AMPHITHEATER_TOURISM',
  'AKANE_CITY_STAGE_ART_MUSEUM_LANDSCAPE_TOURISM',
  'AKANE_CITY_STAGE_ART_MUSEUM_PORTRAIT_TOURISM',
  'AKANE_CITY_STAGE_ART_MUSEUM_RELIGIOUS_TOURISM',
  'AKANE_CITY_STAGE_ART_MUSEUM_SCULPTURE_TOURISM',
  'AKANE_CITY_STAGE_ARCHAEOLOGICAL_MUSEUM_TOURISM',
  'AKANE_CITY_STAGE_BROADCAST_CENTER_TOURISM',
  'AKANE_ART_PROSPERITY_FOOD',
  'AKANE_ART_PROSPERITY_PRODUCTION',
  'AKANE_ART_PROSPERITY_GOLD',
  'AKANE_ART_PROSPERITY_SCIENCE',
  'AKANE_ART_PROSPERITY_CULTURE',
  'AKANE_ART_PROSPERITY_FAITH',
  'AKANE_ART_PROSPERITY_FOOD_NEGATIVE',
  'AKANE_ART_PROSPERITY_PRODUCTION_NEGATIVE',
  'AKANE_ART_PROSPERITY_GOLD_NEGATIVE',
  'AKANE_ART_PROSPERITY_SCIENCE_NEGATIVE',
  'AKANE_ART_PROSPERITY_CULTURE_NEGATIVE',
  'AKANE_ART_PROSPERITY_FAITH_NEGATIVE',
  'AKANE_MODE_AI_FAITH_FLAT',
  'AKANE_MODE_AI_PROPHET_POINTS',
  'AKANE_MODE_AI_PROPHET_POINTS_PER_HOLY_SITE',
  'AKANE_MODE_AI_FAITH_PERCENT',
  'AKANE_MODE_AI_RELIGIOUS_STRENGTH',
  'AKANE_MODE_AI_RELIGIOUS_STRENGTH_MODIFIER',
  'AKANE_MODE_SWITCH_BUFF_FOOD',
  'AKANE_MODE_SWITCH_BUFF_PRODUCTION',
  'AKANE_MODE_SWITCH_BUFF_GOLD',
  'AKANE_MODE_SWITCH_BUFF_SCIENCE',
  'AKANE_MODE_SWITCH_BUFF_CULTURE',
  'AKANE_MODE_SWITCH_BUFF_FAITH',
  'AKANE_MODE_ACTOR_CULTURE_FLAT',
  'AKANE_MODE_ACTOR_ARTIST_POINTS',
  'AKANE_MODE_ACTOR_ARTIST_POINTS_FLAT',
  'AKANE_MODE_ACTOR_WRITER_POINTS',
  'AKANE_MODE_ACTOR_WRITER_POINTS_FLAT',
  'AKANE_MODE_ACTOR_MUSICIAN_POINTS',
  'AKANE_MODE_ACTOR_MUSICIAN_POINTS_FLAT',
  'AKANE_MODE_ACTOR_CULTURE_PERCENT',
  'AKANE_MODE_ACTOR_TOURISM_PERCENT',
  'AKANE_MODE_WARRIOR_COMBAT',
  'AKANE_MODE_WARRIOR_MOVEMENT',
  'AKANE_MODE_WARRIOR_PRODUCTION_FLAT',
  'AKANE_MODE_WARRIOR_GENERAL_POINTS',
  'AKANE_MODE_WARRIOR_GENERAL_POINTS_PER_ENCAMPMENT',
  'AKANE_MODE_WARRIOR_ENCAMPMENT_PRODUCTION',
  'AKANE_MODE_AI_FAITH_FLAT_NEGATIVE',
  'AKANE_MODE_AI_PROPHET_POINTS_NEGATIVE',
  'AKANE_MODE_AI_PROPHET_POINTS_PER_HOLY_SITE_NEGATIVE',
  'AKANE_MODE_AI_FAITH_PERCENT_NEGATIVE',
  'AKANE_MODE_AI_RELIGIOUS_STRENGTH_NEGATIVE',
  'AKANE_MODE_AI_RELIGIOUS_STRENGTH_NEGATIVE_MODIFIER',
  'AKANE_MODE_SWITCH_BUFF_FOOD_NEGATIVE',
  'AKANE_MODE_SWITCH_BUFF_PRODUCTION_NEGATIVE',
  'AKANE_MODE_SWITCH_BUFF_GOLD_NEGATIVE',
  'AKANE_MODE_SWITCH_BUFF_SCIENCE_NEGATIVE',
  'AKANE_MODE_SWITCH_BUFF_CULTURE_NEGATIVE',
  'AKANE_MODE_SWITCH_BUFF_FAITH_NEGATIVE',
  'AKANE_MODE_ACTOR_CULTURE_FLAT_NEGATIVE',
  'AKANE_MODE_ACTOR_ARTIST_POINTS_NEGATIVE',
  'AKANE_MODE_ACTOR_ARTIST_POINTS_FLAT_NEGATIVE',
  'AKANE_MODE_ACTOR_WRITER_POINTS_NEGATIVE',
  'AKANE_MODE_ACTOR_WRITER_POINTS_FLAT_NEGATIVE',
  'AKANE_MODE_ACTOR_MUSICIAN_POINTS_NEGATIVE',
  'AKANE_MODE_ACTOR_MUSICIAN_POINTS_FLAT_NEGATIVE',
  'AKANE_MODE_ACTOR_CULTURE_PERCENT_NEGATIVE',
  'AKANE_MODE_ACTOR_TOURISM_PERCENT_NEGATIVE',
  'AKANE_MODE_WARRIOR_COMBAT_NEGATIVE',
  'AKANE_MODE_WARRIOR_MOVEMENT_NEGATIVE',
  'AKANE_MODE_WARRIOR_PRODUCTION_FLAT_NEGATIVE',
  'AKANE_MODE_WARRIOR_GENERAL_POINTS_NEGATIVE',
  'AKANE_MODE_WARRIOR_GENERAL_POINTS_PER_ENCAMPMENT_NEGATIVE',
  'AKANE_MODE_WARRIOR_ENCAMPMENT_PRODUCTION_NEGATIVE'
);

INSERT INTO TraitModifiers (TraitType, ModifierId) VALUES
('TRAIT_CIVILIZATION_LALALAI', 'AKANE_BUILDING_LIBRARY_FROM_LALALAI'),
('TRAIT_CIVILIZATION_LALALAI', 'AKANE_BUILDING_UNIVERSITY_FROM_LALALAI'),
('TRAIT_CIVILIZATION_LALALAI', 'AKANE_BUILDING_RESEARCH_LAB_FROM_LALALAI'),
('TRAIT_CIVILIZATION_LALALAI', 'AKANE_BUILDING_MARKET_FROM_LALALAI'),
('TRAIT_CIVILIZATION_LALALAI', 'AKANE_BUILDING_BANK_FROM_LALALAI'),
('TRAIT_CIVILIZATION_LALALAI', 'AKANE_BUILDING_STOCK_EXCHANGE_FROM_LALALAI'),
('TRAIT_CIVILIZATION_LALALAI', 'AKANE_BUILDING_LIGHTHOUSE_GOLD_FROM_LALALAI'),
('TRAIT_CIVILIZATION_LALALAI', 'AKANE_BUILDING_LIGHTHOUSE_FOOD_FROM_LALALAI'),
('TRAIT_CIVILIZATION_LALALAI', 'AKANE_BUILDING_SHIPYARD_FROM_LALALAI'),
('TRAIT_CIVILIZATION_LALALAI', 'AKANE_BUILDING_SEAPORT_GOLD_FROM_LALALAI'),
('TRAIT_CIVILIZATION_LALALAI', 'AKANE_BUILDING_SEAPORT_FOOD_FROM_LALALAI'),
('TRAIT_CIVILIZATION_LALALAI', 'AKANE_BUILDING_BARRACKS_FROM_LALALAI'),
('TRAIT_CIVILIZATION_LALALAI', 'AKANE_BUILDING_STABLE_FROM_LALALAI'),
('TRAIT_CIVILIZATION_LALALAI', 'AKANE_BUILDING_ARMORY_FROM_LALALAI'),
('TRAIT_CIVILIZATION_LALALAI', 'AKANE_BUILDING_MILITARY_ACADEMY_FROM_LALALAI'),
('TRAIT_CIVILIZATION_LALALAI', 'AKANE_BUILDING_WORKSHOP_FROM_LALALAI'),
('TRAIT_CIVILIZATION_LALALAI', 'AKANE_BUILDING_FACTORY_FROM_LALALAI'),
('TRAIT_CIVILIZATION_LALALAI', 'AKANE_BUILDING_ELECTRONICS_FACTORY_FROM_LALALAI'),
('TRAIT_CIVILIZATION_LALALAI', 'AKANE_BUILDING_POWER_PLANT_FROM_LALALAI'),
('TRAIT_CIVILIZATION_LALALAI', 'AKANE_BUILDING_SHRINE_FROM_LALALAI'),
('TRAIT_CIVILIZATION_LALALAI', 'AKANE_BUILDING_TEMPLE_FROM_LALALAI'),
('TRAIT_CIVILIZATION_LALALAI', 'AKANE_LALALAI_DISTRICT_BASE_CULTURE'),
('TRAIT_CIVILIZATION_LALALAI', 'AKANE_CITY_ATTACH_GENERAL_FROM_ENCAMPMENT'),
('TRAIT_CIVILIZATION_LALALAI', 'AKANE_CITY_ATTACH_GENERAL_FROM_BARRACKS'),
('TRAIT_CIVILIZATION_LALALAI', 'AKANE_CITY_ATTACH_GENERAL_FROM_STABLE'),
('TRAIT_CIVILIZATION_LALALAI', 'AKANE_CITY_ATTACH_GENERAL_FROM_ARMORY'),
('TRAIT_CIVILIZATION_LALALAI', 'AKANE_CITY_ATTACH_GENERAL_FROM_MILITARY_ACADEMY'),
('TRAIT_CIVILIZATION_LALALAI', 'AKANE_CITY_ATTACH_SCIENTIST_FROM_CAMPUS'),
('TRAIT_CIVILIZATION_LALALAI', 'AKANE_CITY_ATTACH_SCIENTIST_FROM_LIBRARY'),
('TRAIT_CIVILIZATION_LALALAI', 'AKANE_CITY_ATTACH_SCIENTIST_FROM_UNIVERSITY'),
('TRAIT_CIVILIZATION_LALALAI', 'AKANE_CITY_ATTACH_SCIENTIST_FROM_RESEARCH_LAB'),
('TRAIT_CIVILIZATION_LALALAI', 'AKANE_CITY_ATTACH_MERCHANT_FROM_COMMERCIAL'),
('TRAIT_CIVILIZATION_LALALAI', 'AKANE_CITY_ATTACH_MERCHANT_FROM_MARKET'),
('TRAIT_CIVILIZATION_LALALAI', 'AKANE_CITY_ATTACH_MERCHANT_FROM_BANK'),
('TRAIT_CIVILIZATION_LALALAI', 'AKANE_CITY_ATTACH_MERCHANT_FROM_STOCK_EXCHANGE'),
('TRAIT_CIVILIZATION_LALALAI', 'AKANE_CITY_ATTACH_ADMIRAL_FROM_HARBOR'),
('TRAIT_CIVILIZATION_LALALAI', 'AKANE_CITY_ATTACH_ADMIRAL_FROM_LIGHTHOUSE'),
('TRAIT_CIVILIZATION_LALALAI', 'AKANE_CITY_ATTACH_ADMIRAL_FROM_SHIPYARD'),
('TRAIT_CIVILIZATION_LALALAI', 'AKANE_CITY_ATTACH_ADMIRAL_FROM_SEAPORT'),
('TRAIT_CIVILIZATION_LALALAI', 'AKANE_CITY_ATTACH_PROPHET_FROM_HOLY_SITE'),
('TRAIT_CIVILIZATION_LALALAI', 'AKANE_CITY_ATTACH_PROPHET_FROM_SHRINE'),
('TRAIT_CIVILIZATION_LALALAI', 'AKANE_CITY_ATTACH_PROPHET_FROM_TEMPLE');

INSERT INTO TraitModifiers (TraitType, ModifierId) VALUES
('TRAIT_LEADER_KUROKAWA_AKANE', 'AKANE_LEADER_REASONING_CULTURE_FLAT'),
('TRAIT_LEADER_KUROKAWA_AKANE', 'AKANE_LEADER_REASONING_SCIENCE_PERCENT'),
('TRAIT_LEADER_KUROKAWA_AKANE', 'AKANE_LEADER_REASONING_SCIENCE_THEORY_PERCENT');
