-- Task 4: city-level requirement contracts for Lalalai district spillover effects.

INSERT INTO RequirementSets (RequirementSetId, RequirementSetType) VALUES
('AKANE_CITY_HAS_CAMPUS_AND_LALALAI', 'REQUIREMENTSET_TEST_ALL'),
('AKANE_CITY_HAS_COMMERCIAL_HUB_AND_LALALAI', 'REQUIREMENTSET_TEST_ALL'),
('AKANE_CITY_HAS_HARBOR_AND_LALALAI', 'REQUIREMENTSET_TEST_ALL'),
('AKANE_CITY_HAS_ENCAMPMENT_AND_LALALAI', 'REQUIREMENTSET_TEST_ALL'),
('AKANE_CITY_HAS_INDUSTRIAL_ZONE_AND_LALALAI', 'REQUIREMENTSET_TEST_ALL'),
('AKANE_CITY_HAS_HOLY_SITE_AND_LALALAI', 'REQUIREMENTSET_TEST_ALL'),
('AKANE_CITY_HAS_AMPHITHEATER', 'REQUIREMENTSET_TEST_ALL'),
('AKANE_CITY_HAS_ART_MUSEUM', 'REQUIREMENTSET_TEST_ALL'),
('AKANE_CITY_HAS_ARCHAEOLOGICAL_MUSEUM', 'REQUIREMENTSET_TEST_ALL'),
('AKANE_CITY_HAS_BROADCAST_CENTER', 'REQUIREMENTSET_TEST_ALL'),
('AKANE_PLAYER_HAS_MATHEMATICS', 'REQUIREMENTSET_TEST_ALL'),
('AKANE_DISTRICT_IS_ENCAMPMENT_AND_ADJ_LALALAI', 'REQUIREMENTSET_TEST_ALL'),
('AKANE_DISTRICT_IS_CAMPUS_AND_ADJ_LALALAI', 'REQUIREMENTSET_TEST_ALL'),
('AKANE_DISTRICT_IS_COMMERCIAL_HUB_AND_ADJ_LALALAI', 'REQUIREMENTSET_TEST_ALL'),
('AKANE_DISTRICT_IS_HARBOR_AND_ADJ_LALALAI', 'REQUIREMENTSET_TEST_ALL'),
('AKANE_DISTRICT_IS_HOLY_SITE_AND_ADJ_LALALAI', 'REQUIREMENTSET_TEST_ALL'),
('DISTRICT_IS_LALALAI', 'REQUIREMENTSET_TEST_ALL');

INSERT INTO Requirements (RequirementId, RequirementType) VALUES
('AKANE_REQUIRES_CITY_HAS_LALALAI', 'REQUIREMENT_CITY_HAS_DISTRICT'),
('AKANE_REQUIRES_CITY_HAS_CAMPUS', 'REQUIREMENT_CITY_HAS_DISTRICT'),
('AKANE_REQUIRES_CITY_HAS_COMMERCIAL_HUB', 'REQUIREMENT_CITY_HAS_DISTRICT'),
('AKANE_REQUIRES_CITY_HAS_HARBOR', 'REQUIREMENT_CITY_HAS_DISTRICT'),
('AKANE_REQUIRES_CITY_HAS_ENCAMPMENT', 'REQUIREMENT_CITY_HAS_DISTRICT'),
('AKANE_REQUIRES_CITY_HAS_INDUSTRIAL_ZONE', 'REQUIREMENT_CITY_HAS_DISTRICT'),
('AKANE_REQUIRES_CITY_HAS_HOLY_SITE', 'REQUIREMENT_CITY_HAS_DISTRICT'),
('AKANE_REQUIRES_CITY_HAS_BUILDING_AMPHITHEATER', 'REQUIREMENT_CITY_HAS_BUILDING'),
('AKANE_REQUIRES_CITY_HAS_BUILDING_ART_MUSEUM', 'REQUIREMENT_CITY_HAS_BUILDING'),
('AKANE_REQUIRES_CITY_HAS_BUILDING_ARCHAEOLOGICAL_MUSEUM', 'REQUIREMENT_CITY_HAS_BUILDING'),
('AKANE_REQUIRES_CITY_HAS_BUILDING_BROADCAST_CENTER', 'REQUIREMENT_CITY_HAS_BUILDING'),
('AKANE_REQUIRES_PLAYER_HAS_TECH_MATHEMATICS', 'REQUIREMENT_PLAYER_HAS_TECHNOLOGY'),
('AKANE_REQUIRES_DISTRICT_IS_ENCAMPMENT', 'REQUIREMENT_DISTRICT_TYPE_MATCHES'),
('AKANE_REQUIRES_DISTRICT_IS_CAMPUS', 'REQUIREMENT_DISTRICT_TYPE_MATCHES'),
('AKANE_REQUIRES_DISTRICT_IS_COMMERCIAL_HUB', 'REQUIREMENT_DISTRICT_TYPE_MATCHES'),
('AKANE_REQUIRES_DISTRICT_IS_HARBOR', 'REQUIREMENT_DISTRICT_TYPE_MATCHES'),
('AKANE_REQUIRES_DISTRICT_IS_HOLY_SITE', 'REQUIREMENT_DISTRICT_TYPE_MATCHES'),
('AKANE_REQUIRES_PLOT_ADJACENT_LALALAI', 'REQUIREMENT_PLOT_ADJACENT_DISTRICT_TYPE_MATCHES'),
('REQUIRES_DISTRICT_IS_LALALAI', 'REQUIREMENT_DISTRICT_TYPE_MATCHES');

INSERT INTO RequirementArguments (RequirementId, Name, Value) VALUES
('AKANE_REQUIRES_CITY_HAS_LALALAI', 'DistrictType', 'DISTRICT_LALALAI_TROUPE'),
('AKANE_REQUIRES_CITY_HAS_CAMPUS', 'DistrictType', 'DISTRICT_CAMPUS'),
('AKANE_REQUIRES_CITY_HAS_COMMERCIAL_HUB', 'DistrictType', 'DISTRICT_COMMERCIAL_HUB'),
('AKANE_REQUIRES_CITY_HAS_HARBOR', 'DistrictType', 'DISTRICT_HARBOR'),
('AKANE_REQUIRES_CITY_HAS_ENCAMPMENT', 'DistrictType', 'DISTRICT_ENCAMPMENT'),
('AKANE_REQUIRES_CITY_HAS_INDUSTRIAL_ZONE', 'DistrictType', 'DISTRICT_INDUSTRIAL_ZONE'),
('AKANE_REQUIRES_CITY_HAS_HOLY_SITE', 'DistrictType', 'DISTRICT_HOLY_SITE'),
('AKANE_REQUIRES_CITY_HAS_BUILDING_AMPHITHEATER', 'BuildingType', 'BUILDING_AMPHITHEATER'),
('AKANE_REQUIRES_CITY_HAS_BUILDING_ART_MUSEUM', 'BuildingType', 'BUILDING_ART_MUSEUM'),
('AKANE_REQUIRES_CITY_HAS_BUILDING_ARCHAEOLOGICAL_MUSEUM', 'BuildingType', 'BUILDING_ARCHAEOLOGICAL_MUSEUM'),
('AKANE_REQUIRES_CITY_HAS_BUILDING_BROADCAST_CENTER', 'BuildingType', 'BUILDING_BROADCAST_CENTER'),
('AKANE_REQUIRES_PLAYER_HAS_TECH_MATHEMATICS', 'TechnologyType', 'TECH_MATHEMATICS'),
('AKANE_REQUIRES_DISTRICT_IS_ENCAMPMENT', 'DistrictType', 'DISTRICT_ENCAMPMENT'),
('AKANE_REQUIRES_DISTRICT_IS_CAMPUS', 'DistrictType', 'DISTRICT_CAMPUS'),
('AKANE_REQUIRES_DISTRICT_IS_COMMERCIAL_HUB', 'DistrictType', 'DISTRICT_COMMERCIAL_HUB'),
('AKANE_REQUIRES_DISTRICT_IS_HARBOR', 'DistrictType', 'DISTRICT_HARBOR'),
('AKANE_REQUIRES_DISTRICT_IS_HOLY_SITE', 'DistrictType', 'DISTRICT_HOLY_SITE'),
('AKANE_REQUIRES_PLOT_ADJACENT_LALALAI', 'DistrictType', 'DISTRICT_LALALAI_TROUPE'),
('REQUIRES_DISTRICT_IS_LALALAI', 'DistrictType', 'DISTRICT_LALALAI_TROUPE');

INSERT INTO RequirementSetRequirements (RequirementSetId, RequirementId) VALUES
('AKANE_CITY_HAS_CAMPUS_AND_LALALAI', 'AKANE_REQUIRES_CITY_HAS_CAMPUS'),
('AKANE_CITY_HAS_CAMPUS_AND_LALALAI', 'AKANE_REQUIRES_CITY_HAS_LALALAI'),
('AKANE_CITY_HAS_COMMERCIAL_HUB_AND_LALALAI', 'AKANE_REQUIRES_CITY_HAS_COMMERCIAL_HUB'),
('AKANE_CITY_HAS_COMMERCIAL_HUB_AND_LALALAI', 'AKANE_REQUIRES_CITY_HAS_LALALAI'),
('AKANE_CITY_HAS_HARBOR_AND_LALALAI', 'AKANE_REQUIRES_CITY_HAS_HARBOR'),
('AKANE_CITY_HAS_HARBOR_AND_LALALAI', 'AKANE_REQUIRES_CITY_HAS_LALALAI'),
('AKANE_CITY_HAS_ENCAMPMENT_AND_LALALAI', 'AKANE_REQUIRES_CITY_HAS_ENCAMPMENT'),
('AKANE_CITY_HAS_ENCAMPMENT_AND_LALALAI', 'AKANE_REQUIRES_CITY_HAS_LALALAI'),
('AKANE_CITY_HAS_INDUSTRIAL_ZONE_AND_LALALAI', 'AKANE_REQUIRES_CITY_HAS_INDUSTRIAL_ZONE'),
('AKANE_CITY_HAS_INDUSTRIAL_ZONE_AND_LALALAI', 'AKANE_REQUIRES_CITY_HAS_LALALAI'),
('AKANE_CITY_HAS_HOLY_SITE_AND_LALALAI', 'AKANE_REQUIRES_CITY_HAS_HOLY_SITE'),
('AKANE_CITY_HAS_HOLY_SITE_AND_LALALAI', 'AKANE_REQUIRES_CITY_HAS_LALALAI'),
('AKANE_CITY_HAS_AMPHITHEATER', 'AKANE_REQUIRES_CITY_HAS_BUILDING_AMPHITHEATER'),
('AKANE_CITY_HAS_ART_MUSEUM', 'AKANE_REQUIRES_CITY_HAS_BUILDING_ART_MUSEUM'),
('AKANE_CITY_HAS_ARCHAEOLOGICAL_MUSEUM', 'AKANE_REQUIRES_CITY_HAS_BUILDING_ARCHAEOLOGICAL_MUSEUM'),
('AKANE_CITY_HAS_BROADCAST_CENTER', 'AKANE_REQUIRES_CITY_HAS_BUILDING_BROADCAST_CENTER'),
('AKANE_PLAYER_HAS_MATHEMATICS', 'AKANE_REQUIRES_PLAYER_HAS_TECH_MATHEMATICS'),
('AKANE_DISTRICT_IS_ENCAMPMENT_AND_ADJ_LALALAI', 'AKANE_REQUIRES_DISTRICT_IS_ENCAMPMENT'),
('AKANE_DISTRICT_IS_ENCAMPMENT_AND_ADJ_LALALAI', 'AKANE_REQUIRES_PLOT_ADJACENT_LALALAI'),
('AKANE_DISTRICT_IS_CAMPUS_AND_ADJ_LALALAI', 'AKANE_REQUIRES_DISTRICT_IS_CAMPUS'),
('AKANE_DISTRICT_IS_CAMPUS_AND_ADJ_LALALAI', 'AKANE_REQUIRES_PLOT_ADJACENT_LALALAI'),
('AKANE_DISTRICT_IS_COMMERCIAL_HUB_AND_ADJ_LALALAI', 'AKANE_REQUIRES_DISTRICT_IS_COMMERCIAL_HUB'),
('AKANE_DISTRICT_IS_COMMERCIAL_HUB_AND_ADJ_LALALAI', 'AKANE_REQUIRES_PLOT_ADJACENT_LALALAI'),
('AKANE_DISTRICT_IS_HARBOR_AND_ADJ_LALALAI', 'AKANE_REQUIRES_DISTRICT_IS_HARBOR'),
('AKANE_DISTRICT_IS_HARBOR_AND_ADJ_LALALAI', 'AKANE_REQUIRES_PLOT_ADJACENT_LALALAI'),
('AKANE_DISTRICT_IS_HOLY_SITE_AND_ADJ_LALALAI', 'AKANE_REQUIRES_DISTRICT_IS_HOLY_SITE'),
('AKANE_DISTRICT_IS_HOLY_SITE_AND_ADJ_LALALAI', 'AKANE_REQUIRES_PLOT_ADJACENT_LALALAI'),
('DISTRICT_IS_LALALAI', 'REQUIRES_DISTRICT_IS_LALALAI');
