-- Task 4: static civilization ability pieces tied to the Lalalai district.

INSERT INTO Modifiers (ModifierId, ModifierType, SubjectRequirementSetId) VALUES
('AKANE_CITY_SCIENCE_FROM_LALALAI', 'MODIFIER_PLAYER_CITIES_ADJUST_CITY_YIELD_MODIFIER', 'AKANE_CITY_HAS_CAMPUS_AND_LALALAI'),
('AKANE_CITY_GOLD_FROM_LALALAI_COMMERCIAL', 'MODIFIER_PLAYER_CITIES_ADJUST_CITY_YIELD_MODIFIER', 'AKANE_CITY_HAS_COMMERCIAL_HUB_AND_LALALAI'),
('AKANE_CITY_GOLD_FROM_LALALAI_HARBOR', 'MODIFIER_PLAYER_CITIES_ADJUST_CITY_YIELD_MODIFIER', 'AKANE_CITY_HAS_HARBOR_AND_LALALAI'),
('AKANE_CITY_PRODUCTION_FROM_LALALAI_ENCAMPMENT', 'MODIFIER_PLAYER_CITIES_ADJUST_CITY_YIELD_MODIFIER', 'AKANE_CITY_HAS_ENCAMPMENT_AND_LALALAI'),
('AKANE_CITY_PRODUCTION_FROM_LALALAI_INDUSTRIAL', 'MODIFIER_PLAYER_CITIES_ADJUST_CITY_YIELD_MODIFIER', 'AKANE_CITY_HAS_INDUSTRIAL_ZONE_AND_LALALAI'),
('AKANE_CITY_FAITH_FROM_LALALAI_HOLY_SITE', 'MODIFIER_PLAYER_CITIES_ADJUST_CITY_YIELD_MODIFIER', 'AKANE_CITY_HAS_HOLY_SITE_AND_LALALAI'),
('AKANE_LALALAI_DISTRICT_BASE_CULTURE', 'MODIFIER_PLAYER_DISTRICTS_ADJUST_YIELD_CHANGE', 'DISTRICT_IS_LALALAI'),
('AKANE_CAMPUS_SCIENCE_FROM_ADJACENT_LALALAI', 'MODIFIER_PLAYER_DISTRICTS_ADJUST_YIELD_CHANGE', 'AKANE_DISTRICT_IS_CAMPUS_AND_ADJ_LALALAI'),
('AKANE_CITY_STAGE_LEGACY_CULTURE', 'MODIFIER_SINGLE_CITY_ADJUST_YIELD_CHANGE', NULL),
('AKANE_CITY_STAGE_AMPHITHEATER_CULTURE', 'MODIFIER_SINGLE_CITY_ADJUST_YIELD_CHANGE', 'AKANE_CITY_HAS_AMPHITHEATER'),
('AKANE_CITY_STAGE_ART_MUSEUM_CULTURE', 'MODIFIER_SINGLE_CITY_ADJUST_YIELD_CHANGE', 'AKANE_CITY_HAS_ART_MUSEUM'),
('AKANE_CITY_STAGE_ARCHAEOLOGICAL_MUSEUM_CULTURE', 'MODIFIER_SINGLE_CITY_ADJUST_YIELD_CHANGE', 'AKANE_CITY_HAS_ARCHAEOLOGICAL_MUSEUM'),
('AKANE_CITY_STAGE_BROADCAST_CENTER_CULTURE', 'MODIFIER_SINGLE_CITY_ADJUST_YIELD_CHANGE', 'AKANE_CITY_HAS_BROADCAST_CENTER'),
('AKANE_CITY_STAGE_AMPHITHEATER_TOURISM', 'MODIFIER_SINGLE_CITY_ADJUST_TOURISM', 'AKANE_CITY_HAS_AMPHITHEATER'),
('AKANE_CITY_STAGE_ART_MUSEUM_LANDSCAPE_TOURISM', 'MODIFIER_SINGLE_CITY_ADJUST_TOURISM', 'AKANE_CITY_HAS_ART_MUSEUM'),
('AKANE_CITY_STAGE_ART_MUSEUM_PORTRAIT_TOURISM', 'MODIFIER_SINGLE_CITY_ADJUST_TOURISM', 'AKANE_CITY_HAS_ART_MUSEUM'),
('AKANE_CITY_STAGE_ART_MUSEUM_RELIGIOUS_TOURISM', 'MODIFIER_SINGLE_CITY_ADJUST_TOURISM', 'AKANE_CITY_HAS_ART_MUSEUM'),
('AKANE_CITY_STAGE_ART_MUSEUM_SCULPTURE_TOURISM', 'MODIFIER_SINGLE_CITY_ADJUST_TOURISM', 'AKANE_CITY_HAS_ART_MUSEUM'),
('AKANE_CITY_STAGE_ARCHAEOLOGICAL_MUSEUM_TOURISM', 'MODIFIER_SINGLE_CITY_ADJUST_TOURISM', 'AKANE_CITY_HAS_ARCHAEOLOGICAL_MUSEUM'),
('AKANE_CITY_STAGE_BROADCAST_CENTER_TOURISM', 'MODIFIER_SINGLE_CITY_ADJUST_TOURISM', 'AKANE_CITY_HAS_BROADCAST_CENTER'),
('AKANE_ART_PROSPERITY_FOOD', 'MODIFIER_PLAYER_CITIES_ADJUST_CITY_YIELD_MODIFIER', NULL),
('AKANE_ART_PROSPERITY_PRODUCTION', 'MODIFIER_PLAYER_CITIES_ADJUST_CITY_YIELD_MODIFIER', NULL),
('AKANE_ART_PROSPERITY_GOLD', 'MODIFIER_PLAYER_CITIES_ADJUST_CITY_YIELD_MODIFIER', NULL),
('AKANE_ART_PROSPERITY_SCIENCE', 'MODIFIER_PLAYER_CITIES_ADJUST_CITY_YIELD_MODIFIER', NULL),
('AKANE_ART_PROSPERITY_CULTURE', 'MODIFIER_PLAYER_CITIES_ADJUST_CITY_YIELD_MODIFIER', NULL),
('AKANE_ART_PROSPERITY_FAITH', 'MODIFIER_PLAYER_CITIES_ADJUST_CITY_YIELD_MODIFIER', NULL),
('AKANE_ART_PROSPERITY_FOOD_NEGATIVE', 'MODIFIER_PLAYER_CITIES_ADJUST_CITY_YIELD_MODIFIER', NULL),
('AKANE_ART_PROSPERITY_PRODUCTION_NEGATIVE', 'MODIFIER_PLAYER_CITIES_ADJUST_CITY_YIELD_MODIFIER', NULL),
('AKANE_ART_PROSPERITY_GOLD_NEGATIVE', 'MODIFIER_PLAYER_CITIES_ADJUST_CITY_YIELD_MODIFIER', NULL),
('AKANE_ART_PROSPERITY_SCIENCE_NEGATIVE', 'MODIFIER_PLAYER_CITIES_ADJUST_CITY_YIELD_MODIFIER', NULL),
('AKANE_ART_PROSPERITY_CULTURE_NEGATIVE', 'MODIFIER_PLAYER_CITIES_ADJUST_CITY_YIELD_MODIFIER', NULL),
('AKANE_ART_PROSPERITY_FAITH_NEGATIVE', 'MODIFIER_PLAYER_CITIES_ADJUST_CITY_YIELD_MODIFIER', NULL),

('AKANE_MODE_SWITCH_BUFF_FOOD', 'MODIFIER_PLAYER_CITIES_ADJUST_CITY_YIELD_MODIFIER', NULL),
('AKANE_MODE_SWITCH_BUFF_PRODUCTION', 'MODIFIER_PLAYER_CITIES_ADJUST_CITY_YIELD_MODIFIER', NULL),
('AKANE_MODE_SWITCH_BUFF_GOLD', 'MODIFIER_PLAYER_CITIES_ADJUST_CITY_YIELD_MODIFIER', NULL),
('AKANE_MODE_SWITCH_BUFF_SCIENCE', 'MODIFIER_PLAYER_CITIES_ADJUST_CITY_YIELD_MODIFIER', NULL),
('AKANE_MODE_SWITCH_BUFF_CULTURE', 'MODIFIER_PLAYER_CITIES_ADJUST_CITY_YIELD_MODIFIER', NULL),
('AKANE_MODE_SWITCH_BUFF_FAITH', 'MODIFIER_PLAYER_CITIES_ADJUST_CITY_YIELD_MODIFIER', NULL),
('AKANE_MODE_SWITCH_BUFF_FOOD_NEGATIVE', 'MODIFIER_PLAYER_CITIES_ADJUST_CITY_YIELD_MODIFIER', NULL),
('AKANE_MODE_SWITCH_BUFF_PRODUCTION_NEGATIVE', 'MODIFIER_PLAYER_CITIES_ADJUST_CITY_YIELD_MODIFIER', NULL),
('AKANE_MODE_SWITCH_BUFF_GOLD_NEGATIVE', 'MODIFIER_PLAYER_CITIES_ADJUST_CITY_YIELD_MODIFIER', NULL),
('AKANE_MODE_SWITCH_BUFF_SCIENCE_NEGATIVE', 'MODIFIER_PLAYER_CITIES_ADJUST_CITY_YIELD_MODIFIER', NULL),
('AKANE_MODE_SWITCH_BUFF_CULTURE_NEGATIVE', 'MODIFIER_PLAYER_CITIES_ADJUST_CITY_YIELD_MODIFIER', NULL),
('AKANE_MODE_SWITCH_BUFF_FAITH_NEGATIVE', 'MODIFIER_PLAYER_CITIES_ADJUST_CITY_YIELD_MODIFIER', NULL),

('AKANE_MODE_AI_FAITH_FLAT', 'MODIFIER_PLAYER_CITIES_ADJUST_CITY_YIELD_CHANGE', NULL),
('AKANE_MODE_AI_PROPHET_POINTS', 'MODIFIER_PLAYER_ADJUST_GREAT_PERSON_POINTS', NULL),
('AKANE_MODE_AI_PROPHET_POINTS_PER_HOLY_SITE', 'MODIFIER_PLAYER_DISTRICTS_ADJUST_GREAT_PERSON_POINTS', 'DISTRICT_IS_HOLY_SITE'),
('AKANE_MODE_AI_FAITH_PERCENT', 'MODIFIER_PLAYER_CITIES_ADJUST_CITY_YIELD_MODIFIER', NULL),
('AKANE_MODE_ACTOR_CULTURE_FLAT', 'MODIFIER_PLAYER_CITIES_ADJUST_CITY_YIELD_CHANGE', NULL),
('AKANE_MODE_ACTOR_ARTIST_POINTS', 'MODIFIER_PLAYER_DISTRICTS_ADJUST_GREAT_PERSON_POINTS', 'DISTRICT_IS_LALALAI'),
('AKANE_MODE_ACTOR_ARTIST_POINTS_FLAT', 'MODIFIER_PLAYER_ADJUST_GREAT_PERSON_POINTS', NULL),
('AKANE_MODE_ACTOR_CULTURE_PERCENT', 'MODIFIER_PLAYER_CITIES_ADJUST_CITY_YIELD_MODIFIER', NULL),
('AKANE_MODE_ACTOR_TOURISM_PERCENT', 'MODIFIER_PLAYER_ADJUST_TOURISM', NULL),
('AKANE_MODE_WARRIOR_COMBAT', 'MODIFIER_PLAYER_UNITS_ADJUST_COMBAT_STRENGTH', NULL),
('AKANE_MODE_WARRIOR_EXPERIENCE', 'MODIFIER_PLAYER_UNITS_ADJUST_UNIT_EXPERIENCE_MODIFIER', NULL),
('AKANE_MODE_WARRIOR_SCIENCE_PERCENT', 'MODIFIER_PLAYER_CITIES_ADJUST_CITY_YIELD_MODIFIER', NULL),
('AKANE_MODE_WARRIOR_GENERAL_POINTS', 'MODIFIER_PLAYER_ADJUST_GREAT_PERSON_POINTS', NULL),
('AKANE_MODE_WARRIOR_GENERAL_POINTS_PER_ENCAMPMENT', 'MODIFIER_PLAYER_DISTRICTS_ADJUST_GREAT_PERSON_POINTS', 'DISTRICT_IS_ENCAMPMENT'),
('AKANE_MODE_AI_FAITH_FLAT_NEGATIVE', 'MODIFIER_PLAYER_CITIES_ADJUST_CITY_YIELD_CHANGE', NULL),
('AKANE_MODE_AI_PROPHET_POINTS_NEGATIVE', 'MODIFIER_PLAYER_ADJUST_GREAT_PERSON_POINTS', NULL),
('AKANE_MODE_AI_PROPHET_POINTS_PER_HOLY_SITE_NEGATIVE', 'MODIFIER_PLAYER_DISTRICTS_ADJUST_GREAT_PERSON_POINTS', 'DISTRICT_IS_HOLY_SITE'),
('AKANE_MODE_AI_FAITH_PERCENT_NEGATIVE', 'MODIFIER_PLAYER_CITIES_ADJUST_CITY_YIELD_MODIFIER', NULL),
('AKANE_MODE_ACTOR_CULTURE_FLAT_NEGATIVE', 'MODIFIER_PLAYER_CITIES_ADJUST_CITY_YIELD_CHANGE', NULL),
('AKANE_MODE_ACTOR_ARTIST_POINTS_NEGATIVE', 'MODIFIER_PLAYER_DISTRICTS_ADJUST_GREAT_PERSON_POINTS', 'DISTRICT_IS_LALALAI'),
('AKANE_MODE_ACTOR_ARTIST_POINTS_FLAT_NEGATIVE', 'MODIFIER_PLAYER_ADJUST_GREAT_PERSON_POINTS', NULL),
('AKANE_MODE_ACTOR_CULTURE_PERCENT_NEGATIVE', 'MODIFIER_PLAYER_CITIES_ADJUST_CITY_YIELD_MODIFIER', NULL),
('AKANE_MODE_ACTOR_TOURISM_PERCENT_NEGATIVE', 'MODIFIER_PLAYER_ADJUST_TOURISM', NULL),
('AKANE_MODE_WARRIOR_COMBAT_NEGATIVE', 'MODIFIER_PLAYER_UNITS_ADJUST_COMBAT_STRENGTH', NULL),
('AKANE_MODE_WARRIOR_EXPERIENCE_NEGATIVE', 'MODIFIER_PLAYER_UNITS_ADJUST_UNIT_EXPERIENCE_MODIFIER', NULL),
('AKANE_MODE_WARRIOR_SCIENCE_PERCENT_NEGATIVE', 'MODIFIER_PLAYER_CITIES_ADJUST_CITY_YIELD_MODIFIER', NULL),
('AKANE_MODE_WARRIOR_GENERAL_POINTS_NEGATIVE', 'MODIFIER_PLAYER_ADJUST_GREAT_PERSON_POINTS', NULL),
('AKANE_MODE_WARRIOR_GENERAL_POINTS_PER_ENCAMPMENT_NEGATIVE', 'MODIFIER_PLAYER_DISTRICTS_ADJUST_GREAT_PERSON_POINTS', 'DISTRICT_IS_ENCAMPMENT'),

('AKANE_LEADER_REASONING_SCIENCE_FLAT', 'MODIFIER_PLAYER_CITIES_ADJUST_CITY_YIELD_CHANGE', NULL),
('AKANE_LEADER_REASONING_SCIENCE_PERCENT', 'MODIFIER_PLAYER_CITIES_ADJUST_CITY_YIELD_MODIFIER', NULL),

('AKANE_CITY_ATTACH_GENERAL_FROM_ENCAMPMENT', 'MODIFIER_PLAYER_CITIES_ATTACH_MODIFIER', 'AKANE_CITY_HAS_ENCAMPMENT_AND_LALALAI'),
('AKANE_CITY_GENERAL_FROM_ENCAMPMENT', 'MODIFIER_SINGLE_CITY_DISTRICTS_ADJUST_GREAT_PERSON_POINTS', 'AKANE_DISTRICT_IS_ENCAMPMENT_AND_ADJ_LALALAI'),
('AKANE_CITY_ATTACH_SCIENTIST_FROM_CAMPUS', 'MODIFIER_PLAYER_CITIES_ATTACH_MODIFIER', 'AKANE_CITY_HAS_CAMPUS_AND_LALALAI'),
('AKANE_CITY_SCIENTIST_FROM_CAMPUS', 'MODIFIER_SINGLE_CITY_DISTRICTS_ADJUST_GREAT_PERSON_POINTS', 'AKANE_DISTRICT_IS_CAMPUS_AND_ADJ_LALALAI'),
('AKANE_CITY_ATTACH_MERCHANT_FROM_COMMERCIAL', 'MODIFIER_PLAYER_CITIES_ATTACH_MODIFIER', 'AKANE_CITY_HAS_COMMERCIAL_HUB_AND_LALALAI'),
('AKANE_CITY_MERCHANT_FROM_COMMERCIAL', 'MODIFIER_SINGLE_CITY_DISTRICTS_ADJUST_GREAT_PERSON_POINTS', 'AKANE_DISTRICT_IS_COMMERCIAL_HUB_AND_ADJ_LALALAI'),
('AKANE_CITY_ATTACH_ADMIRAL_FROM_HARBOR', 'MODIFIER_PLAYER_CITIES_ATTACH_MODIFIER', 'AKANE_CITY_HAS_HARBOR_AND_LALALAI'),
('AKANE_CITY_ADMIRAL_FROM_HARBOR', 'MODIFIER_SINGLE_CITY_DISTRICTS_ADJUST_GREAT_PERSON_POINTS', 'AKANE_DISTRICT_IS_HARBOR_AND_ADJ_LALALAI'),
('AKANE_CITY_ATTACH_PROPHET_FROM_HOLY_SITE', 'MODIFIER_PLAYER_CITIES_ATTACH_MODIFIER', 'AKANE_CITY_HAS_HOLY_SITE_AND_LALALAI'),
('AKANE_CITY_PROPHET_FROM_HOLY_SITE', 'MODIFIER_SINGLE_CITY_DISTRICTS_ADJUST_GREAT_PERSON_POINTS', 'AKANE_DISTRICT_IS_HOLY_SITE_AND_ADJ_LALALAI');

INSERT INTO ModifierArguments (ModifierId, Name, Value) VALUES
('AKANE_CITY_SCIENCE_FROM_LALALAI', 'YieldType', 'YIELD_SCIENCE'),
('AKANE_CITY_SCIENCE_FROM_LALALAI', 'Amount', '20'),
('AKANE_CITY_GOLD_FROM_LALALAI_COMMERCIAL', 'YieldType', 'YIELD_GOLD'),
('AKANE_CITY_GOLD_FROM_LALALAI_COMMERCIAL', 'Amount', '20'),
('AKANE_CITY_GOLD_FROM_LALALAI_HARBOR', 'YieldType', 'YIELD_GOLD'),
('AKANE_CITY_GOLD_FROM_LALALAI_HARBOR', 'Amount', '20'),
('AKANE_CITY_PRODUCTION_FROM_LALALAI_ENCAMPMENT', 'YieldType', 'YIELD_PRODUCTION'),
('AKANE_CITY_PRODUCTION_FROM_LALALAI_ENCAMPMENT', 'Amount', '20'),
('AKANE_CITY_PRODUCTION_FROM_LALALAI_INDUSTRIAL', 'YieldType', 'YIELD_PRODUCTION'),
('AKANE_CITY_PRODUCTION_FROM_LALALAI_INDUSTRIAL', 'Amount', '20'),
('AKANE_CITY_FAITH_FROM_LALALAI_HOLY_SITE', 'YieldType', 'YIELD_FAITH'),
('AKANE_CITY_FAITH_FROM_LALALAI_HOLY_SITE', 'Amount', '20'),
('AKANE_LALALAI_DISTRICT_BASE_CULTURE', 'YieldType', 'YIELD_CULTURE'),
('AKANE_LALALAI_DISTRICT_BASE_CULTURE', 'Amount', '2'),
('AKANE_CAMPUS_SCIENCE_FROM_ADJACENT_LALALAI', 'YieldType', 'YIELD_SCIENCE'),
('AKANE_CAMPUS_SCIENCE_FROM_ADJACENT_LALALAI', 'Amount', '1'),
('AKANE_CITY_STAGE_LEGACY_CULTURE', 'YieldType', 'YIELD_CULTURE'),
('AKANE_CITY_STAGE_LEGACY_CULTURE', 'Amount', '1'),
('AKANE_CITY_STAGE_AMPHITHEATER_CULTURE', 'YieldType', 'YIELD_CULTURE'),
('AKANE_CITY_STAGE_AMPHITHEATER_CULTURE', 'Amount', '1'),
('AKANE_CITY_STAGE_ART_MUSEUM_CULTURE', 'YieldType', 'YIELD_CULTURE'),
('AKANE_CITY_STAGE_ART_MUSEUM_CULTURE', 'Amount', '1'),
('AKANE_CITY_STAGE_ARCHAEOLOGICAL_MUSEUM_CULTURE', 'YieldType', 'YIELD_CULTURE'),
('AKANE_CITY_STAGE_ARCHAEOLOGICAL_MUSEUM_CULTURE', 'Amount', '1'),
('AKANE_CITY_STAGE_BROADCAST_CENTER_CULTURE', 'YieldType', 'YIELD_CULTURE'),
('AKANE_CITY_STAGE_BROADCAST_CENTER_CULTURE', 'Amount', '1'),
('AKANE_CITY_STAGE_AMPHITHEATER_TOURISM', 'GreatWorkObjectType', 'GREATWORKOBJECT_WRITING'),
('AKANE_CITY_STAGE_AMPHITHEATER_TOURISM', 'ScalingFactor', '120'),
('AKANE_CITY_STAGE_ART_MUSEUM_LANDSCAPE_TOURISM', 'GreatWorkObjectType', 'GREATWORKOBJECT_LANDSCAPE'),
('AKANE_CITY_STAGE_ART_MUSEUM_LANDSCAPE_TOURISM', 'ScalingFactor', '120'),
('AKANE_CITY_STAGE_ART_MUSEUM_PORTRAIT_TOURISM', 'GreatWorkObjectType', 'GREATWORKOBJECT_PORTRAIT'),
('AKANE_CITY_STAGE_ART_MUSEUM_PORTRAIT_TOURISM', 'ScalingFactor', '120'),
('AKANE_CITY_STAGE_ART_MUSEUM_RELIGIOUS_TOURISM', 'GreatWorkObjectType', 'GREATWORKOBJECT_RELIGIOUS'),
('AKANE_CITY_STAGE_ART_MUSEUM_RELIGIOUS_TOURISM', 'ScalingFactor', '120'),
('AKANE_CITY_STAGE_ART_MUSEUM_SCULPTURE_TOURISM', 'GreatWorkObjectType', 'GREATWORKOBJECT_SCULPTURE'),
('AKANE_CITY_STAGE_ART_MUSEUM_SCULPTURE_TOURISM', 'ScalingFactor', '120'),
('AKANE_CITY_STAGE_ARCHAEOLOGICAL_MUSEUM_TOURISM', 'GreatWorkObjectType', 'GREATWORKOBJECT_ARTIFACT'),
('AKANE_CITY_STAGE_ARCHAEOLOGICAL_MUSEUM_TOURISM', 'ScalingFactor', '120'),
('AKANE_CITY_STAGE_BROADCAST_CENTER_TOURISM', 'GreatWorkObjectType', 'GREATWORKOBJECT_MUSIC'),
('AKANE_CITY_STAGE_BROADCAST_CENTER_TOURISM', 'ScalingFactor', '120'),
('AKANE_ART_PROSPERITY_FOOD', 'YieldType', 'YIELD_FOOD'),
('AKANE_ART_PROSPERITY_FOOD', 'Amount', '5'),
('AKANE_ART_PROSPERITY_PRODUCTION', 'YieldType', 'YIELD_PRODUCTION'),
('AKANE_ART_PROSPERITY_PRODUCTION', 'Amount', '5'),
('AKANE_ART_PROSPERITY_GOLD', 'YieldType', 'YIELD_GOLD'),
('AKANE_ART_PROSPERITY_GOLD', 'Amount', '5'),
('AKANE_ART_PROSPERITY_SCIENCE', 'YieldType', 'YIELD_SCIENCE'),
('AKANE_ART_PROSPERITY_SCIENCE', 'Amount', '5'),
('AKANE_ART_PROSPERITY_CULTURE', 'YieldType', 'YIELD_CULTURE'),
('AKANE_ART_PROSPERITY_CULTURE', 'Amount', '5'),
('AKANE_ART_PROSPERITY_FAITH', 'YieldType', 'YIELD_FAITH'),
('AKANE_ART_PROSPERITY_FAITH', 'Amount', '5'),
('AKANE_ART_PROSPERITY_FOOD_NEGATIVE', 'YieldType', 'YIELD_FOOD'),
('AKANE_ART_PROSPERITY_FOOD_NEGATIVE', 'Amount', '-5'),
('AKANE_ART_PROSPERITY_PRODUCTION_NEGATIVE', 'YieldType', 'YIELD_PRODUCTION'),
('AKANE_ART_PROSPERITY_PRODUCTION_NEGATIVE', 'Amount', '-5'),
('AKANE_ART_PROSPERITY_GOLD_NEGATIVE', 'YieldType', 'YIELD_GOLD'),
('AKANE_ART_PROSPERITY_GOLD_NEGATIVE', 'Amount', '-5'),
('AKANE_ART_PROSPERITY_SCIENCE_NEGATIVE', 'YieldType', 'YIELD_SCIENCE'),
('AKANE_ART_PROSPERITY_SCIENCE_NEGATIVE', 'Amount', '-5'),
('AKANE_ART_PROSPERITY_CULTURE_NEGATIVE', 'YieldType', 'YIELD_CULTURE'),
('AKANE_ART_PROSPERITY_CULTURE_NEGATIVE', 'Amount', '-5'),
('AKANE_ART_PROSPERITY_FAITH_NEGATIVE', 'YieldType', 'YIELD_FAITH'),
('AKANE_ART_PROSPERITY_FAITH_NEGATIVE', 'Amount', '-5'),

('AKANE_MODE_AI_FAITH_FLAT', 'YieldType', 'YIELD_FAITH'),
('AKANE_MODE_AI_FAITH_FLAT', 'Amount', '1'),
('AKANE_MODE_AI_PROPHET_POINTS', 'GreatPersonClassType', 'GREAT_PERSON_CLASS_PROPHET'),
('AKANE_MODE_AI_PROPHET_POINTS', 'Amount', '1'),
('AKANE_MODE_AI_PROPHET_POINTS_PER_HOLY_SITE', 'GreatPersonClassType', 'GREAT_PERSON_CLASS_PROPHET'),
('AKANE_MODE_AI_PROPHET_POINTS_PER_HOLY_SITE', 'Amount', '1'),
('AKANE_MODE_AI_FAITH_PERCENT', 'YieldType', 'YIELD_FAITH'),
('AKANE_MODE_AI_FAITH_PERCENT', 'Amount', '30'),
('AKANE_MODE_SWITCH_BUFF_FOOD', 'YieldType', 'YIELD_FOOD'),
('AKANE_MODE_SWITCH_BUFF_FOOD', 'Amount', '8'),
('AKANE_MODE_SWITCH_BUFF_PRODUCTION', 'YieldType', 'YIELD_PRODUCTION'),
('AKANE_MODE_SWITCH_BUFF_PRODUCTION', 'Amount', '8'),
('AKANE_MODE_SWITCH_BUFF_GOLD', 'YieldType', 'YIELD_GOLD'),
('AKANE_MODE_SWITCH_BUFF_GOLD', 'Amount', '8'),
('AKANE_MODE_SWITCH_BUFF_SCIENCE', 'YieldType', 'YIELD_SCIENCE'),
('AKANE_MODE_SWITCH_BUFF_SCIENCE', 'Amount', '8'),
('AKANE_MODE_SWITCH_BUFF_CULTURE', 'YieldType', 'YIELD_CULTURE'),
('AKANE_MODE_SWITCH_BUFF_CULTURE', 'Amount', '8'),
('AKANE_MODE_SWITCH_BUFF_FAITH', 'YieldType', 'YIELD_FAITH'),
('AKANE_MODE_SWITCH_BUFF_FAITH', 'Amount', '8'),
('AKANE_MODE_ACTOR_CULTURE_FLAT', 'YieldType', 'YIELD_CULTURE'),
('AKANE_MODE_ACTOR_CULTURE_FLAT', 'Amount', '1'),
('AKANE_MODE_ACTOR_ARTIST_POINTS', 'GreatPersonClassType', 'GREAT_PERSON_CLASS_ARTIST'),
('AKANE_MODE_ACTOR_ARTIST_POINTS', 'Amount', '1'),
('AKANE_MODE_ACTOR_ARTIST_POINTS_FLAT', 'GreatPersonClassType', 'GREAT_PERSON_CLASS_ARTIST'),
('AKANE_MODE_ACTOR_ARTIST_POINTS_FLAT', 'Amount', '1'),
('AKANE_MODE_ACTOR_CULTURE_PERCENT', 'YieldType', 'YIELD_CULTURE'),
('AKANE_MODE_ACTOR_CULTURE_PERCENT', 'Amount', '20'),
('AKANE_MODE_ACTOR_TOURISM_PERCENT', 'Amount', '30'),
('AKANE_MODE_WARRIOR_COMBAT', 'Amount', '5'),
('AKANE_MODE_WARRIOR_EXPERIENCE', 'Amount', '20'),
('AKANE_MODE_WARRIOR_SCIENCE_PERCENT', 'YieldType', 'YIELD_PRODUCTION'),
('AKANE_MODE_WARRIOR_SCIENCE_PERCENT', 'Amount', '20'),
('AKANE_MODE_WARRIOR_GENERAL_POINTS', 'GreatPersonClassType', 'GREAT_PERSON_CLASS_GENERAL'),
('AKANE_MODE_WARRIOR_GENERAL_POINTS', 'Amount', '1'),
('AKANE_MODE_WARRIOR_GENERAL_POINTS_PER_ENCAMPMENT', 'GreatPersonClassType', 'GREAT_PERSON_CLASS_GENERAL'),
('AKANE_MODE_WARRIOR_GENERAL_POINTS_PER_ENCAMPMENT', 'Amount', '1'),
('AKANE_MODE_SWITCH_BUFF_FOOD_NEGATIVE', 'YieldType', 'YIELD_FOOD'),
('AKANE_MODE_SWITCH_BUFF_FOOD_NEGATIVE', 'Amount', '-8'),
('AKANE_MODE_SWITCH_BUFF_PRODUCTION_NEGATIVE', 'YieldType', 'YIELD_PRODUCTION'),
('AKANE_MODE_SWITCH_BUFF_PRODUCTION_NEGATIVE', 'Amount', '-8'),
('AKANE_MODE_SWITCH_BUFF_GOLD_NEGATIVE', 'YieldType', 'YIELD_GOLD'),
('AKANE_MODE_SWITCH_BUFF_GOLD_NEGATIVE', 'Amount', '-8'),
('AKANE_MODE_SWITCH_BUFF_SCIENCE_NEGATIVE', 'YieldType', 'YIELD_SCIENCE'),
('AKANE_MODE_SWITCH_BUFF_SCIENCE_NEGATIVE', 'Amount', '-8'),
('AKANE_MODE_SWITCH_BUFF_CULTURE_NEGATIVE', 'YieldType', 'YIELD_CULTURE'),
('AKANE_MODE_SWITCH_BUFF_CULTURE_NEGATIVE', 'Amount', '-8'),
('AKANE_MODE_SWITCH_BUFF_FAITH_NEGATIVE', 'YieldType', 'YIELD_FAITH'),
('AKANE_MODE_SWITCH_BUFF_FAITH_NEGATIVE', 'Amount', '-8'),
('AKANE_MODE_AI_FAITH_FLAT_NEGATIVE', 'YieldType', 'YIELD_FAITH'),
('AKANE_MODE_AI_FAITH_FLAT_NEGATIVE', 'Amount', '-1'),
('AKANE_MODE_AI_PROPHET_POINTS_NEGATIVE', 'GreatPersonClassType', 'GREAT_PERSON_CLASS_PROPHET'),
('AKANE_MODE_AI_PROPHET_POINTS_NEGATIVE', 'Amount', '-1'),
('AKANE_MODE_AI_PROPHET_POINTS_PER_HOLY_SITE_NEGATIVE', 'GreatPersonClassType', 'GREAT_PERSON_CLASS_PROPHET'),
('AKANE_MODE_AI_PROPHET_POINTS_PER_HOLY_SITE_NEGATIVE', 'Amount', '-1'),
('AKANE_MODE_AI_FAITH_PERCENT_NEGATIVE', 'YieldType', 'YIELD_FAITH'),
('AKANE_MODE_AI_FAITH_PERCENT_NEGATIVE', 'Amount', '-30'),
('AKANE_MODE_ACTOR_CULTURE_FLAT_NEGATIVE', 'YieldType', 'YIELD_CULTURE'),
('AKANE_MODE_ACTOR_CULTURE_FLAT_NEGATIVE', 'Amount', '-1'),
('AKANE_MODE_ACTOR_ARTIST_POINTS_NEGATIVE', 'GreatPersonClassType', 'GREAT_PERSON_CLASS_ARTIST'),
('AKANE_MODE_ACTOR_ARTIST_POINTS_NEGATIVE', 'Amount', '-1'),
('AKANE_MODE_ACTOR_ARTIST_POINTS_FLAT_NEGATIVE', 'GreatPersonClassType', 'GREAT_PERSON_CLASS_ARTIST'),
('AKANE_MODE_ACTOR_ARTIST_POINTS_FLAT_NEGATIVE', 'Amount', '-1'),
('AKANE_MODE_ACTOR_CULTURE_PERCENT_NEGATIVE', 'YieldType', 'YIELD_CULTURE'),
('AKANE_MODE_ACTOR_CULTURE_PERCENT_NEGATIVE', 'Amount', '-20'),
('AKANE_MODE_ACTOR_TOURISM_PERCENT_NEGATIVE', 'Amount', '-30'),
('AKANE_MODE_WARRIOR_COMBAT_NEGATIVE', 'Amount', '-5'),
('AKANE_MODE_WARRIOR_EXPERIENCE_NEGATIVE', 'Amount', '-20'),
('AKANE_MODE_WARRIOR_SCIENCE_PERCENT_NEGATIVE', 'YieldType', 'YIELD_PRODUCTION'),
('AKANE_MODE_WARRIOR_SCIENCE_PERCENT_NEGATIVE', 'Amount', '-20'),
('AKANE_MODE_WARRIOR_GENERAL_POINTS_NEGATIVE', 'GreatPersonClassType', 'GREAT_PERSON_CLASS_GENERAL'),
('AKANE_MODE_WARRIOR_GENERAL_POINTS_NEGATIVE', 'Amount', '-1'),
('AKANE_MODE_WARRIOR_GENERAL_POINTS_PER_ENCAMPMENT_NEGATIVE', 'GreatPersonClassType', 'GREAT_PERSON_CLASS_GENERAL'),
('AKANE_MODE_WARRIOR_GENERAL_POINTS_PER_ENCAMPMENT_NEGATIVE', 'Amount', '-1'),

('AKANE_LEADER_REASONING_SCIENCE_FLAT', 'YieldType', 'YIELD_CULTURE'),
('AKANE_LEADER_REASONING_SCIENCE_FLAT', 'Amount', '1'),
('AKANE_LEADER_REASONING_SCIENCE_PERCENT', 'YieldType', 'YIELD_SCIENCE'),
('AKANE_LEADER_REASONING_SCIENCE_PERCENT', 'Amount', '10'),

('AKANE_CITY_ATTACH_GENERAL_FROM_ENCAMPMENT', 'ModifierId', 'AKANE_CITY_GENERAL_FROM_ENCAMPMENT'),
('AKANE_CITY_GENERAL_FROM_ENCAMPMENT', 'GreatPersonClassType', 'GREAT_PERSON_CLASS_GENERAL'),
('AKANE_CITY_GENERAL_FROM_ENCAMPMENT', 'Amount', '1'),
('AKANE_CITY_ATTACH_SCIENTIST_FROM_CAMPUS', 'ModifierId', 'AKANE_CITY_SCIENTIST_FROM_CAMPUS'),
('AKANE_CITY_SCIENTIST_FROM_CAMPUS', 'GreatPersonClassType', 'GREAT_PERSON_CLASS_SCIENTIST'),
('AKANE_CITY_SCIENTIST_FROM_CAMPUS', 'Amount', '1'),
('AKANE_CITY_ATTACH_MERCHANT_FROM_COMMERCIAL', 'ModifierId', 'AKANE_CITY_MERCHANT_FROM_COMMERCIAL'),
('AKANE_CITY_MERCHANT_FROM_COMMERCIAL', 'GreatPersonClassType', 'GREAT_PERSON_CLASS_MERCHANT'),
('AKANE_CITY_MERCHANT_FROM_COMMERCIAL', 'Amount', '1'),
('AKANE_CITY_ATTACH_ADMIRAL_FROM_HARBOR', 'ModifierId', 'AKANE_CITY_ADMIRAL_FROM_HARBOR'),
('AKANE_CITY_ADMIRAL_FROM_HARBOR', 'GreatPersonClassType', 'GREAT_PERSON_CLASS_ADMIRAL'),
('AKANE_CITY_ADMIRAL_FROM_HARBOR', 'Amount', '1'),
('AKANE_CITY_ATTACH_PROPHET_FROM_HOLY_SITE', 'ModifierId', 'AKANE_CITY_PROPHET_FROM_HOLY_SITE'),
('AKANE_CITY_PROPHET_FROM_HOLY_SITE', 'GreatPersonClassType', 'GREAT_PERSON_CLASS_PROPHET'),
('AKANE_CITY_PROPHET_FROM_HOLY_SITE', 'Amount', '1');

UPDATE Modifiers
SET OwnerRequirementSetId = 'AKANE_PLAYER_HAS_MATHEMATICS'
WHERE ModifierId = 'AKANE_LEADER_REASONING_SCIENCE_PERCENT';

UPDATE Modifiers
SET Permanent = 1
WHERE ModifierId IN (
  'AKANE_CITY_STAGE_LEGACY_CULTURE',
  'AKANE_CITY_STAGE_AMPHITHEATER_CULTURE',
  'AKANE_CITY_STAGE_ART_MUSEUM_CULTURE',
  'AKANE_CITY_STAGE_ARCHAEOLOGICAL_MUSEUM_CULTURE',
  'AKANE_CITY_STAGE_BROADCAST_CENTER_CULTURE',
  'AKANE_CITY_STAGE_AMPHITHEATER_TOURISM',
  'AKANE_CITY_STAGE_ART_MUSEUM_LANDSCAPE_TOURISM',
  'AKANE_CITY_STAGE_ART_MUSEUM_PORTRAIT_TOURISM',
  'AKANE_CITY_STAGE_ART_MUSEUM_RELIGIOUS_TOURISM',
  'AKANE_CITY_STAGE_ART_MUSEUM_SCULPTURE_TOURISM',
  'AKANE_CITY_STAGE_ARCHAEOLOGICAL_MUSEUM_TOURISM',
  'AKANE_CITY_STAGE_BROADCAST_CENTER_TOURISM',
  'AKANE_ART_PROSPERITY_FOOD',
  'AKANE_ART_PROSPERITY_PRODUCTION',
  'AKANE_ART_PROSPERITY_GOLD',
  'AKANE_ART_PROSPERITY_SCIENCE',
  'AKANE_ART_PROSPERITY_CULTURE',
  'AKANE_ART_PROSPERITY_FAITH',
  'AKANE_ART_PROSPERITY_FOOD_NEGATIVE',
  'AKANE_ART_PROSPERITY_PRODUCTION_NEGATIVE',
  'AKANE_ART_PROSPERITY_GOLD_NEGATIVE',
  'AKANE_ART_PROSPERITY_SCIENCE_NEGATIVE',
  'AKANE_ART_PROSPERITY_CULTURE_NEGATIVE',
  'AKANE_ART_PROSPERITY_FAITH_NEGATIVE',
  'AKANE_MODE_AI_FAITH_FLAT',
  'AKANE_MODE_AI_PROPHET_POINTS',
  'AKANE_MODE_AI_PROPHET_POINTS_PER_HOLY_SITE',
  'AKANE_MODE_AI_FAITH_PERCENT',
  'AKANE_MODE_SWITCH_BUFF_FOOD',
  'AKANE_MODE_SWITCH_BUFF_PRODUCTION',
  'AKANE_MODE_SWITCH_BUFF_GOLD',
  'AKANE_MODE_SWITCH_BUFF_SCIENCE',
  'AKANE_MODE_SWITCH_BUFF_CULTURE',
  'AKANE_MODE_SWITCH_BUFF_FAITH',
  'AKANE_MODE_ACTOR_CULTURE_FLAT',
  'AKANE_MODE_ACTOR_ARTIST_POINTS',
  'AKANE_MODE_ACTOR_ARTIST_POINTS_FLAT',
  'AKANE_MODE_ACTOR_CULTURE_PERCENT',
  'AKANE_MODE_ACTOR_TOURISM_PERCENT',
  'AKANE_MODE_WARRIOR_COMBAT',
  'AKANE_MODE_WARRIOR_EXPERIENCE',
  'AKANE_MODE_WARRIOR_SCIENCE_PERCENT',
  'AKANE_MODE_WARRIOR_GENERAL_POINTS',
  'AKANE_MODE_WARRIOR_GENERAL_POINTS_PER_ENCAMPMENT',
  'AKANE_MODE_AI_FAITH_FLAT_NEGATIVE',
  'AKANE_MODE_AI_PROPHET_POINTS_NEGATIVE',
  'AKANE_MODE_AI_PROPHET_POINTS_PER_HOLY_SITE_NEGATIVE',
  'AKANE_MODE_AI_FAITH_PERCENT_NEGATIVE',
  'AKANE_MODE_SWITCH_BUFF_FOOD_NEGATIVE',
  'AKANE_MODE_SWITCH_BUFF_PRODUCTION_NEGATIVE',
  'AKANE_MODE_SWITCH_BUFF_GOLD_NEGATIVE',
  'AKANE_MODE_SWITCH_BUFF_SCIENCE_NEGATIVE',
  'AKANE_MODE_SWITCH_BUFF_CULTURE_NEGATIVE',
  'AKANE_MODE_SWITCH_BUFF_FAITH_NEGATIVE',
  'AKANE_MODE_ACTOR_CULTURE_FLAT_NEGATIVE',
  'AKANE_MODE_ACTOR_ARTIST_POINTS_NEGATIVE',
  'AKANE_MODE_ACTOR_ARTIST_POINTS_FLAT_NEGATIVE',
  'AKANE_MODE_ACTOR_CULTURE_PERCENT_NEGATIVE',
  'AKANE_MODE_ACTOR_TOURISM_PERCENT_NEGATIVE',
  'AKANE_MODE_WARRIOR_COMBAT_NEGATIVE',
  'AKANE_MODE_WARRIOR_EXPERIENCE_NEGATIVE',
  'AKANE_MODE_WARRIOR_SCIENCE_PERCENT_NEGATIVE',
  'AKANE_MODE_WARRIOR_GENERAL_POINTS_NEGATIVE',
  'AKANE_MODE_WARRIOR_GENERAL_POINTS_PER_ENCAMPMENT_NEGATIVE'
);

INSERT INTO TraitModifiers (TraitType, ModifierId) VALUES
('TRAIT_CIVILIZATION_LALALAI', 'AKANE_CITY_SCIENCE_FROM_LALALAI'),
('TRAIT_CIVILIZATION_LALALAI', 'AKANE_CITY_GOLD_FROM_LALALAI_COMMERCIAL'),
('TRAIT_CIVILIZATION_LALALAI', 'AKANE_CITY_GOLD_FROM_LALALAI_HARBOR'),
('TRAIT_CIVILIZATION_LALALAI', 'AKANE_CITY_PRODUCTION_FROM_LALALAI_ENCAMPMENT'),
('TRAIT_CIVILIZATION_LALALAI', 'AKANE_CITY_PRODUCTION_FROM_LALALAI_INDUSTRIAL'),
('TRAIT_CIVILIZATION_LALALAI', 'AKANE_CITY_FAITH_FROM_LALALAI_HOLY_SITE'),
('TRAIT_CIVILIZATION_LALALAI', 'AKANE_LALALAI_DISTRICT_BASE_CULTURE'),
('TRAIT_CIVILIZATION_LALALAI', 'AKANE_CITY_ATTACH_GENERAL_FROM_ENCAMPMENT'),
('TRAIT_CIVILIZATION_LALALAI', 'AKANE_CITY_ATTACH_SCIENTIST_FROM_CAMPUS'),
('TRAIT_CIVILIZATION_LALALAI', 'AKANE_CITY_ATTACH_MERCHANT_FROM_COMMERCIAL'),
('TRAIT_CIVILIZATION_LALALAI', 'AKANE_CITY_ATTACH_ADMIRAL_FROM_HARBOR'),
('TRAIT_CIVILIZATION_LALALAI', 'AKANE_CITY_ATTACH_PROPHET_FROM_HOLY_SITE');

INSERT INTO TraitModifiers (TraitType, ModifierId) VALUES
('TRAIT_LEADER_KUROKAWA_AKANE', 'AKANE_LEADER_REASONING_SCIENCE_FLAT'),
('TRAIT_LEADER_KUROKAWA_AKANE', 'AKANE_LEADER_REASONING_SCIENCE_PERCENT'),
('TRAIT_LEADER_KUROKAWA_AKANE', 'AKANE_CAMPUS_SCIENCE_FROM_ADJACENT_LALALAI');
